id,Expected
test/NSklfSDmid.jpg,38
test/mLVggEcQSs.jpg,50
test/dNklPsHZdF.jpg,5
test/MvVlQPkRHo.jpg,15
test/JoWwDAaAKP.jpg,15
test/QPwWiJULSH.jpg,59
test/snuFXqartX.jpg,85
test/huRCadonqt.jpg,33
test/gfwbhDXAIj.jpg,85
test/twmrQQPcgM.jpg,29
test/ruQYnFwzaa.jpg,0
test/agbzWllQSo.jpg,97
test/hGoKSLDxGI.jpg,26
test/AxIkpNrQbg.jpg,32
test/LrgllggwEm.jpg,30
test/xVNfcoKLvy.jpg,15
test/AixchHnvcs.jpg,86
test/BhNpJkUzCq.jpg,96
test/DhkggNXnyW.jpg,98
test/FKpQUKBsXq.jpg,34
test/WVPpBMkEAE.jpg,26
test/oxHAsoaAMV.jpg,37
test/DVzCiIUkJW.jpg,71
test/YPSChyggSV.jpg,13
test/hbEndIgzuW.jpg,30
test/eNmlZHpOGE.jpg,0
test/PaNtykwJnG.jpg,60
test/aYegPidJCa.jpg,65
test/mZfsPHgKqt.jpg,0
test/eGkXNCenOP.jpg,79
test/IIdtGhpQLP.jpg,97
test/xusMkpJFFz.jpg,92
test/xZJytpbEqv.jpg,1
test/QWGRfGgJIX.jpg,72
test/LSQKYEEkHc.jpg,12
test/oqmpZVhqWD.jpg,62
test/DCJlnjTayt.jpg,4
test/keKwAjYjfM.jpg,37
test/iyOOPyCemG.jpg,61
test/FKFNJfGKmX.jpg,85
test/UgGWYwziqF.jpg,36
test/NbqRLzDzvG.jpg,93
test/OAkKBFSFna.jpg,26
test/MUppSONBkr.jpg,21
test/EzKMfbQlUU.jpg,12
test/BxoWDzfjUW.jpg,13
test/sbwEgPhhvM.jpg,85
test/NquNPzRAKt.jpg,62
test/ftTbEkrpGk.jpg,48
test/FGRYVfVHlT.jpg,19
test/lwhBBlmKdV.jpg,88
test/YqAcqAcGPC.jpg,10
test/mvedigEzFF.jpg,81
test/RGBxGWPQdj.jpg,60
test/OfHupXHGLG.jpg,10
test/PqlcOxOeFy.jpg,14
test/vYmmTWdDjl.jpg,65
test/pItBdasQId.jpg,77
test/TJpwjAKBSU.jpg,37
test/NvaGJtRJGL.jpg,87
test/GsWRTpoBvT.jpg,72
test/URJLkHehCO.jpg,62
test/kGfKkfMeWK.jpg,35
test/XQGHwQuUvd.jpg,53
test/lJIbGlggCb.jpg,87
test/RRUyBaHVWd.jpg,19
test/rFvqiRdEYT.jpg,74
test/AFxzdzOjVi.jpg,23
test/cmOGbSzjMp.jpg,41
test/mhUKPNMlJa.jpg,88
test/XDqDiPnABp.jpg,87
test/gRHqnuMFRu.jpg,91
test/VfbEtdAYir.jpg,45
test/UyzgHJTjDu.jpg,66
test/cXiKKHUpCh.jpg,69
test/AyTPVRSoqt.jpg,42
test/zWAPgxscCL.jpg,30
test/ezXfbJcpOG.jpg,50
test/ZZjRXxbLPy.jpg,23
test/AaajdDfpvM.jpg,67
test/KDHdZILZaD.jpg,8
test/PSCDalZmMs.jpg,37
test/ygBOpKnXTT.jpg,80
test/mYowMoNnwH.jpg,9
test/WSrWVFOtch.jpg,1
test/WGbDgcuJln.jpg,95
test/tBqyMoARTA.jpg,80
test/ywZEEAdJHN.jpg,57
test/FqGfXWswUE.jpg,77
test/CpDjBlZSJS.jpg,51
test/jqwNfkjAxr.jpg,47
test/LudlbpQuIE.jpg,56
test/xkMMMeTqQz.jpg,40
test/jkXDrDqOrj.jpg,58
test/HIyXhemBcu.jpg,84
test/TyRbFcnPOY.jpg,51
test/vNcBRsutCe.jpg,86
test/jDdGALSPJQ.jpg,79
test/XAalnGjucL.jpg,6
test/gdxsTcToGN.jpg,99
test/DLfeVdkRqU.jpg,37
test/GzzRuEPhNg.jpg,65
test/AWVYyXBXCS.jpg,26
test/hIaLYDeYYu.jpg,93
test/oSUXJVtfqd.jpg,94
test/iOvxuqYtUN.jpg,14
test/vZojlrBSTk.jpg,72
test/OgnObfMekk.jpg,86
test/eGkJZhVSCG.jpg,60
test/cIlltHRvTG.jpg,95
test/ekvCFCXfiA.jpg,18
test/yaspdbEbQR.jpg,10
test/ozgISnNeXd.jpg,7
test/LKfQKzZLAh.jpg,74
test/AWSDKrkjHi.jpg,66
test/HDxSGbkxGf.jpg,58
test/sgTHNhZDaY.jpg,65
test/oVxzHartUj.jpg,65
test/gsUIPKZpoa.jpg,49
test/BcpMZbroGl.jpg,9
test/WtjcndFmzb.jpg,80
test/RZXXRtcNqr.jpg,11
test/RSAonoktmS.jpg,73
test/tedXRjVsuk.jpg,85
test/ZNfSrEqHVo.jpg,58
test/uGmtrznTdH.jpg,35
test/fzYiKPqJjM.jpg,64
test/zdrnIurdbC.jpg,29
test/apniutLsqz.jpg,57
test/PFzEcrRltR.jpg,48
test/RyRESDUEby.jpg,48
test/SgTFnjKQDQ.jpg,11
test/RyHFGFmoaa.jpg,61
test/HQObqeMwCP.jpg,10
test/QDSbkmFTnL.jpg,38
test/zdeDdzDrOg.jpg,59
test/fqjcVYGvRH.jpg,59
test/ecqtiXMoML.jpg,48
test/WNxTBKmDaZ.jpg,73
test/ttUhGqiaaQ.jpg,95
test/jQLTcqNQtx.jpg,56
test/fLLRJUgsNZ.jpg,98
test/gvVzpKXvhs.jpg,9
test/gCaACsmwcR.jpg,88
test/KcoYQjvpeX.jpg,65
test/UOFGAWpIpC.jpg,50
test/vYpVtAeEGN.jpg,85
test/XMzJkjesCt.jpg,94
test/hDYMuuwBSU.jpg,91
test/PhiNzkYsrv.jpg,0
test/CtDDzZAovI.jpg,85
test/DxejjqujyK.jpg,45
test/hcDdaHvXNY.jpg,37
test/MhTZKXgGsZ.jpg,17
test/aSdBxNeNuS.jpg,17
test/yXkuuskvkE.jpg,9
test/CGZmDAcuLa.jpg,63
test/bzKlwFeZdZ.jpg,5
test/WkbwkPvAiA.jpg,91
test/axDFjaBTqX.jpg,41
test/hbEgSeYwXc.jpg,91
test/ashPLPfwea.jpg,49
test/lBzmFKfNsW.jpg,20
test/wTFPgvhQWW.jpg,6
test/flbLYMTQhQ.jpg,85
test/OMxxHtjspR.jpg,45
test/RyXMvrckdS.jpg,20
test/DGjCKFiUjR.jpg,90
test/BEhKPLQFsp.jpg,46
test/NIMRtGjmql.jpg,37
test/gvaLSzrMNU.jpg,33
test/xaShEXwXMM.jpg,73
test/VmApnuKbys.jpg,28
test/ZeyOkrLsSW.jpg,2
test/EVLkxaqtdP.jpg,62
test/WsEqHJnvjc.jpg,32
test/oAkILRnHrb.jpg,65
test/QfttEADZlA.jpg,59
test/tTgExVuuau.jpg,96
test/amaKLkbkMA.jpg,37
test/VrPZqAQFIY.jpg,80
test/nWmlhjPgnW.jpg,44
test/ALyweHOSXB.jpg,30
test/dHmiXTsGMX.jpg,98
test/FFCJAACjSM.jpg,1
test/yMhqCmJAPq.jpg,96
test/qedtOCWGbG.jpg,0
test/mPEUStOnHs.jpg,73
test/okGHZqbmMk.jpg,22
test/qoKuNylHMo.jpg,17
test/igcewbvRtA.jpg,50
test/UUlVqAkYMG.jpg,77
test/WietzKYNud.jpg,86
test/zxQNYwUBiP.jpg,66
test/IopOuhzovB.jpg,38
test/zTQteooCBq.jpg,30
test/ORHDCbFufp.jpg,93
test/VfBbNobZNV.jpg,19
test/XDUAWNqPak.jpg,50
test/cPUEXAfyYi.jpg,5
test/vcPUfGjqQN.jpg,74
test/rEJVmTgvjm.jpg,65
test/ORSkFYIWGP.jpg,1
test/xMIYmXjnat.jpg,32
test/PeOLcXSXWA.jpg,78
test/meJxZYYWUL.jpg,38
test/jHCAZabicT.jpg,60
test/jzcgwJLsnI.jpg,93
test/dytuTBcQcY.jpg,79
test/pvlCZNyJqc.jpg,12
test/ZpztGCrlsA.jpg,46
test/dgNKnZxcvB.jpg,78
test/igCVBtxNKN.jpg,51
test/rKNxqFbyJY.jpg,30
test/thEeiyWkwf.jpg,69
test/QbMAwsnzod.jpg,73
test/DXZTPwVcgQ.jpg,67
test/BMAxxIWRAX.jpg,37
test/NkOtEhNBzS.jpg,74
test/OoFuAfhBiN.jpg,50
test/GhEmIYRlkb.jpg,76
test/FtLefcUvMW.jpg,79
test/nNsgFOUUMb.jpg,87
test/AVzBCpHasg.jpg,75
test/ouUkXBAvjy.jpg,65
test/mTISqNaMgK.jpg,26
test/NeixlRThBR.jpg,60
test/AzjwyGJXpb.jpg,80
test/DjHNzKCLNX.jpg,89
test/vcdScCNGLd.jpg,80
test/VUbIDmnVAR.jpg,0
test/diCsciyeGO.jpg,15
test/cVTFmZmbOD.jpg,87
test/JAXyLzygLf.jpg,77
test/rtimtdOpuE.jpg,66
test/qhYoWPGLpS.jpg,11
test/WRbdKXrhDQ.jpg,13
test/nkJWcbfaxU.jpg,28
test/bvJCYBoNaM.jpg,86
test/hAnaJlNRfC.jpg,72
test/gyKlTaaiMG.jpg,96
test/NfDkBbSWiB.jpg,50
test/qvjBHBRVDI.jpg,45
test/rebEcnaWTA.jpg,69
test/BzivaIsCum.jpg,32
test/mghktkKgJZ.jpg,82
test/iqjVgTHlJC.jpg,60
test/KhJxrAnGSg.jpg,8
test/NAotdhWFqo.jpg,35
test/fcpuFqHnHd.jpg,66
test/hrRrPePxmC.jpg,78
test/mMbPXXkIKb.jpg,56
test/ybSZxJPxlG.jpg,9
test/LfoLYCaSWN.jpg,36
test/YXgnwbYZKe.jpg,82
test/erkloZUvIM.jpg,60
test/AsvUJQbazw.jpg,90
test/fqeUCMssOl.jpg,54
test/baYIRxkMqe.jpg,60
test/VHmXOdeceL.jpg,79
test/ZxkOECFSrN.jpg,23
test/zVEUYXOpSY.jpg,14
test/UnChmIBrRJ.jpg,50
test/hgRxhdxbvT.jpg,91
test/INnVScSbjw.jpg,37
test/ouBAhspHXj.jpg,49
test/zSrNOrRpoK.jpg,73
test/cfQIYTNNbd.jpg,36
test/nyvmSziyme.jpg,27
test/oKXfKEekPH.jpg,11
test/yUdmXKDzfg.jpg,45
test/uuSKORIlst.jpg,69
test/UcgyDHXhfZ.jpg,57
test/DDiXYnVmGY.jpg,11
test/lkuEngNeoA.jpg,73
test/nAhAWCycDp.jpg,71
test/JVOEEogIQt.jpg,8
test/ZDcpHLkUxj.jpg,57
test/KbiiuiMxOy.jpg,92
test/fdfrdyZywd.jpg,50
test/TQZBDrphpZ.jpg,65
test/qSAoAEhWpl.jpg,64
test/tdYRpbkuSC.jpg,51
test/PnnefzQBQC.jpg,68
test/WTXLgaBbRr.jpg,76
test/QVHCZFNmGN.jpg,62
test/MQwMXJTYKJ.jpg,75
test/RWMEtbGAaH.jpg,52
test/PnvoCyvcts.jpg,42
test/kszDRxFLEM.jpg,79
test/DXFJhLXzjf.jpg,21
test/gAadwZIWpM.jpg,85
test/ajpxQTlbzC.jpg,5
test/DDLTnBNKdW.jpg,98
test/lnniWVKuLX.jpg,97
test/ZeGoXsOwwn.jpg,3
test/GoozXHIOYA.jpg,38
test/FVaufhlFlE.jpg,4
test/wEXDSrHWWX.jpg,2
test/vEUiCcSotF.jpg,85
test/HbNshrNiGI.jpg,20
test/WpaonJmzbV.jpg,69
test/hMbXfuOkSx.jpg,17
test/TfFkGCracB.jpg,91
test/BDrTsJTlHK.jpg,81
test/MWiqXimBrB.jpg,87
test/halnjVmFnu.jpg,7
test/VPtAoLqUvS.jpg,32
test/BlPToxdlCK.jpg,57
test/UJrrUdvsMT.jpg,81
test/qdfkIoWVBQ.jpg,84
test/AQuHiCHBih.jpg,89
test/pmxbROIgBO.jpg,37
test/TOuLKVuDIU.jpg,59
test/XHuEfmNEyf.jpg,40
test/cGyCHtUDeo.jpg,29
test/ZrvrqzwCTW.jpg,57
test/GuCiyTzICJ.jpg,67
test/XJvpfVCHjZ.jpg,39
test/ZpmbqsmzAv.jpg,27
test/acqrrMsEfg.jpg,17
test/thYeCnaIxt.jpg,54
test/NaXbXobbQG.jpg,59
test/yELMfthszW.jpg,0
test/MhQigAGwbZ.jpg,27
test/mRHXQIMbBQ.jpg,53
test/rhhOcJXFDI.jpg,5
test/NLWaQXYuQk.jpg,51
test/UfzyRaGmml.jpg,45
test/mTrrLRtNBZ.jpg,24
test/UNKSDFhPyz.jpg,9
test/sEqbNSkaqo.jpg,3
test/ggoatLmRHz.jpg,90
test/LIiWxhoJBC.jpg,20
test/HdIDWTGzwi.jpg,89
test/yrnIjuzJFs.jpg,85
test/iKIiVsifMn.jpg,70
test/YaEjQeTPIa.jpg,74
test/jJGZdZyrri.jpg,80
test/YdroEeLmqr.jpg,35
test/ZDjCePSDIi.jpg,6
test/rTTjkeAPIo.jpg,45
test/QxpqkfLehM.jpg,6
test/nbVTZCUgWn.jpg,13
test/IsMjQcIaEU.jpg,94
test/RwiZrEvnbU.jpg,93
test/gPcdPVqGJJ.jpg,80
test/XCEgsjKczg.jpg,9
test/StEBzGerLK.jpg,49
test/jtWczKShTB.jpg,63
test/WkcbEBPqrq.jpg,54
test/xpGRMLQHEW.jpg,71
test/dIooZdSDDn.jpg,50
test/ciqPkzknnS.jpg,26
test/YVKzkwJRur.jpg,5
test/QcnpngwzwU.jpg,50
test/NJenWfhIwM.jpg,85
test/bURqIcKJDR.jpg,6
test/hJEMUIktfR.jpg,47
test/wnVnrwFozh.jpg,56
test/RfKDeXAMNx.jpg,60
test/MlyvfywPnH.jpg,21
test/ifMNBuPdUO.jpg,6
test/nAKxFPTuAb.jpg,90
test/wIMdUCMXXf.jpg,56
test/srZhcOSoNx.jpg,17
test/VzVsThKOfO.jpg,10
test/NUJJkxtMyI.jpg,70
test/dleqSZyvGp.jpg,87
test/sRTITdjbso.jpg,59
test/sEaTEgSuXh.jpg,11
test/mczWMsyqrB.jpg,16
test/gfHAcvSgnL.jpg,33
test/lNzKaRwflK.jpg,87
test/mmoJMgaeFB.jpg,59
test/WmyoOehGiC.jpg,59
test/jpQayWhpPk.jpg,35
test/aqUlkOtmxk.jpg,6
test/cGfAyKMDVg.jpg,40
test/IHomKyVxZY.jpg,80
test/lIvGthkdEK.jpg,21
test/GvssyOXAcN.jpg,91
test/eGDUQOuJxV.jpg,6
test/mGKZCAGAIN.jpg,93
test/FjYqhxvpIE.jpg,4
test/MJfpgPKWJT.jpg,14
test/TeElQRSEjJ.jpg,57
test/fzINQIJgIM.jpg,80
test/BueDcJWTlu.jpg,59
test/hZKdCWbBJB.jpg,20
test/uTXtskzoof.jpg,20
test/IXAxZFUqXg.jpg,17
test/rzWBvHmZoq.jpg,26
test/omOpFkVTQX.jpg,37
test/lLNHfxhFAn.jpg,11
test/rTZAzeWUAe.jpg,58
test/rHvTGCgdCy.jpg,91
test/ysVdMQobSD.jpg,49
test/JLgEsRnLJs.jpg,7
test/twBQlafhUJ.jpg,14
test/xInEwxflkd.jpg,50
test/oiteNqelfD.jpg,14
test/mMRPsoigvq.jpg,47
test/TNqBPlkJxW.jpg,75
test/cslndmqfKe.jpg,1
test/tMZWxgTeHa.jpg,93
test/nzrhVvhphq.jpg,45
test/iENNAcJbpp.jpg,93
test/fGbBoTxVUW.jpg,94
test/gxnGaXffJT.jpg,81
test/sysoWYCZMH.jpg,30
test/MruteuYhrS.jpg,12
test/uxLBZFIxHd.jpg,70
test/cygMlZPcpU.jpg,35
test/PRNIUvvBVV.jpg,85
test/BSEDrLhQKH.jpg,56
test/vsxlXPcinx.jpg,50
test/imrzsqbFWI.jpg,74
test/umofTRFHPp.jpg,11
test/JoVzUlGpRt.jpg,17
test/IItScsanzK.jpg,85
test/NBHFTyFdCc.jpg,17
test/uQjLPQaGzm.jpg,71
test/vbNFDaGgRe.jpg,79
test/hPdGJXQslj.jpg,32
test/RtWwSdcXCO.jpg,11
test/zWAbujUWjD.jpg,50
test/aHHDvCzovi.jpg,14
test/npjKDCOzjT.jpg,73
test/TzlZuipyHv.jpg,14
test/rvPrBVgjCt.jpg,59
test/hSikfJfXak.jpg,20
test/KeMOIatCjV.jpg,64
test/MpwVAnyJgO.jpg,99
test/SFeMNSfexr.jpg,43
test/NgnjtZPTZJ.jpg,54
test/RYZHeATEid.jpg,47
test/WaSBWquZuk.jpg,50
test/YEfUzMVNWB.jpg,64
test/mnLlAODKNl.jpg,27
test/NfnfHVKUHw.jpg,71
test/beTYncdrEM.jpg,47
test/utsTWMifGX.jpg,67
test/kmRqCwwaEZ.jpg,92
test/MWDKTmibdT.jpg,21
test/oiHayStyZp.jpg,54
test/BgiAfpnmIa.jpg,73
test/YaBCDcDMSZ.jpg,88
test/EdcKWUrZTR.jpg,45
test/ZhAmySKMmw.jpg,59
test/XKuQtlGJdZ.jpg,96
test/grFenBmtct.jpg,96
test/ODwKmaEyyM.jpg,59
test/gQziHMduXy.jpg,89
test/WCgMDTFcun.jpg,3
test/LxCeYpSbeJ.jpg,61
test/fYaBlVqcyA.jpg,67
test/ZiTRUslyof.jpg,6
test/qzIlkMaxOU.jpg,74
test/lgUcURaWDO.jpg,79
test/WEaPLRbNsE.jpg,88
test/PYSUMcMFBo.jpg,62
test/SlAUetPJaj.jpg,33
test/HLLJuAbzmH.jpg,57
test/GiCVmwaiig.jpg,1
test/vvLrIVJGWR.jpg,9
test/WHsuikFCMH.jpg,81
test/dEuTwmjVKq.jpg,59
test/BrWUYCATLj.jpg,20
test/bLrvcLHyOn.jpg,65
test/xLoLNHoHCc.jpg,57
test/TflCzfTlQe.jpg,74
test/xOWtUdXgbm.jpg,72
test/BiDDhnuMfy.jpg,91
test/PkItoDEraI.jpg,85
test/KlOMvfLzgn.jpg,7
test/ARfrWEGdBp.jpg,91
test/gOUqLCrXTH.jpg,10
test/vHEsvHGfnK.jpg,73
test/HGChhuvxkZ.jpg,70
test/COEiBKMOTR.jpg,55
test/iJbYeFubju.jpg,46
test/ydigwaotah.jpg,95
test/bHTDYuDeZn.jpg,76
test/zSEDwWWnEs.jpg,76
test/WiYHvufdUc.jpg,55
test/ChRsYRtUum.jpg,6
test/cOnrAmaLNh.jpg,10
test/cPRvaBkKMR.jpg,95
test/DpKeXRySuG.jpg,98
test/eNqTsXDrsM.jpg,80
test/IlvQpYAQga.jpg,80
test/AZkkprCPdC.jpg,47
test/gZeytYYRyo.jpg,20
test/pJaRsldaBK.jpg,74
test/HzXwukrVWY.jpg,41
test/gTfQPRAWtr.jpg,48
test/wcQIIciSdS.jpg,71
test/uTuLAENUXi.jpg,20
test/gBfmOymzpd.jpg,73
test/VIhqVEIkad.jpg,93
test/fRiafBDPkq.jpg,45
test/HyDKIltkUf.jpg,6
test/AYTmKALQQM.jpg,88
test/SgqFdfbcau.jpg,50
test/EgtqgxMqQq.jpg,95
test/GFxZEPEqYv.jpg,17
test/eGKDnCFuKH.jpg,30
test/uBblayqjKb.jpg,8
test/uxvdtFMyKu.jpg,59
test/dEFSqhERkL.jpg,66
test/CvcWpIUVse.jpg,21
test/WNxpFqEVEP.jpg,59
test/EuqTOkLhRl.jpg,9
test/VpJNgKWKNv.jpg,57
test/fkQevMVYsE.jpg,91
test/WHtRzgFLTt.jpg,86
test/DTklqIBccT.jpg,81
test/NsUOWhaqBm.jpg,35
test/wgzPkfYvYG.jpg,10
test/XODOCjVhpQ.jpg,7
test/KwArInxYdy.jpg,29
test/vniYaJhsma.jpg,5
test/dHcHpOltey.jpg,37
test/TdCTxaLeDD.jpg,59
test/BElMmkaIHc.jpg,87
test/aFhQBNdIFN.jpg,62
test/ZGuuXFxvdw.jpg,35
test/IGNqOWUSnr.jpg,92
test/oTPReHQebG.jpg,41
test/kCHjtwlsUk.jpg,7
test/WiwMdCWPPm.jpg,20
test/qXpSZecgYS.jpg,53
test/DvqfRqkRex.jpg,3
test/aABSyiLUKx.jpg,88
test/QELbMxLhIw.jpg,87
test/zVrLwBvKhh.jpg,51
test/AkrpaEZhcM.jpg,73
test/wQExaAbMBY.jpg,86
test/cHooMGVkZN.jpg,91
test/kZITgtQjZz.jpg,99
test/OwIHemZhrb.jpg,85
test/NpNknKpZbT.jpg,72
test/tIYDDuCYWD.jpg,93
test/TsApwyCgxR.jpg,80
test/hComriPAyn.jpg,87
test/zASDMlWBdG.jpg,75
test/XRjlaxpSLU.jpg,1
test/YUBzlMMLiu.jpg,74
test/sPDKytlbla.jpg,69
test/uFsPcqBHok.jpg,81
test/vcuMYMLPhQ.jpg,75
test/idJbMOFohO.jpg,57
test/SmiBkEFcRK.jpg,34
test/yopkVKgbWA.jpg,67
test/OUAjwqkHfM.jpg,57
test/JFtTbgBbdi.jpg,73
test/qqzcQLiQcP.jpg,27
test/nWTtMdWhpk.jpg,71
test/zAdvUqVZDF.jpg,98
test/HhPQxrAFTD.jpg,75
test/hAAstUDmqQ.jpg,3
test/wMJWThfJuh.jpg,33
test/GldlRzPrlx.jpg,57
test/ggmEXhrbje.jpg,55
test/FjeMZZaRzy.jpg,50
test/ztrWKjwRRS.jpg,60
test/kxYDDuyQsx.jpg,21
test/GImdVbbNsA.jpg,12
test/hNQbIFYlda.jpg,2
test/XgTeLWpAtr.jpg,77
test/UBPpPMlfls.jpg,31
test/wFkyGUAdlm.jpg,38
test/xFUWTqrkWB.jpg,3
test/oZrobbpXAc.jpg,38
test/NkfobkVGik.jpg,73
test/PieZroZJiN.jpg,54
test/IhqMQlgavL.jpg,55
test/BYAlJUTJvX.jpg,20
test/WNnKKdvUir.jpg,65
test/STNHItvKvZ.jpg,69
test/nhafcATiAF.jpg,73
test/paWjlLUhIs.jpg,69
test/dpVJgOaMia.jpg,55
test/ifysJZZAlw.jpg,88
test/peJpCBxLSt.jpg,58
test/MtUeVKSWWu.jpg,64
test/urlYueZddA.jpg,5
test/ynUXqIDJqD.jpg,69
test/TQZQFVGhpM.jpg,49
test/DinrXBmYOw.jpg,10
test/zfKuhRfJhG.jpg,27
test/zMTgcKrkVz.jpg,59
test/TEWnpfXtJL.jpg,47
test/GQRhcHttsv.jpg,97
test/AyNCjBwkxy.jpg,74
test/AJauDCEkxa.jpg,26
test/eCwqMkIZnu.jpg,94
test/bWKTHMDStY.jpg,32
test/WDdcHSNghg.jpg,17
test/AlhpFrvsrT.jpg,4
test/iOCLOjuyZS.jpg,0
test/wclgRAOxWr.jpg,80
test/cBvrbCYZNn.jpg,43
test/MLKTKnXPfs.jpg,77
test/bhgHzySZdq.jpg,65
test/jSzlBrvyfg.jpg,45
test/AZBDJLYbhn.jpg,37
test/lXGitPjdWd.jpg,5
test/KeIpfSbLLu.jpg,78
test/rjQHGboDdI.jpg,0
test/AjtwCeCnbF.jpg,85
test/leZrxednlW.jpg,59
test/hPCPDgVpjo.jpg,17
test/ZWtNhdiPdG.jpg,60
test/OdIhyFmSkL.jpg,90
test/OQyNpydPqr.jpg,77
test/jHwGnxOOZC.jpg,84
test/NqTrLHGHDW.jpg,28
test/kAjxtkhyUK.jpg,25
test/CDFqBVrLvD.jpg,24
test/dImBZByGGg.jpg,73
test/ItNwVWIsJZ.jpg,40
test/NRmRYVcKKK.jpg,30
test/niSHHZZviz.jpg,79
test/wcrVSbTkyw.jpg,60
test/sGSKfQRhrQ.jpg,17
test/ccareTPZOP.jpg,90
test/jcQCXaqAkV.jpg,78
test/IyvisySucp.jpg,32
test/aBqksgmSbI.jpg,59
test/oFBIBZNYaI.jpg,63
test/etPwRAvtVV.jpg,73
test/zraqaMegbN.jpg,75
test/fGLCjdrBkw.jpg,71
test/MtfqqvDSrr.jpg,12
test/porkuvhNkQ.jpg,51
test/pHXMqtOmSN.jpg,6
test/mNAtEYMvhE.jpg,34
test/WwfDmmvDnV.jpg,60
test/cRSrhMnelt.jpg,16
test/PdvNZvsKeH.jpg,50
test/kHVErjrTPK.jpg,8
test/pyLEeyODsz.jpg,10
test/puWDkdXUkG.jpg,90
test/pUAapLighl.jpg,17
test/iXsqvBwpqm.jpg,57
test/HarFcXfgWa.jpg,64
test/ookZFKHkJK.jpg,74
test/WwTtEoWvGQ.jpg,54
test/mCZqxLsqYQ.jpg,16
test/amqngQnfPl.jpg,54
test/gvuRYgARzy.jpg,24
test/ZgyXHHlWCk.jpg,97
test/OgkgoVWZgC.jpg,63
test/blFRVMLVuQ.jpg,38
test/sgTwjApnES.jpg,17
test/OXNPMiKbEm.jpg,70
test/fRMKdEukXD.jpg,92
test/fCbgrlZbfA.jpg,22
test/jGZLmrojgd.jpg,69
test/ZnlRIoKuMa.jpg,11
test/HZDEZzWLTW.jpg,3
test/RtHpKidxon.jpg,98
test/IywUZdYjeJ.jpg,64
test/JvAQHXvghy.jpg,65
test/ZqWfXSvyYy.jpg,98
test/MgvDKtluQh.jpg,5
test/pxUNJNsYHc.jpg,42
test/GPpVEnZgUf.jpg,65
test/OjAWfsbSSC.jpg,5
test/uGrsFvzruy.jpg,57
test/vUtYhvpZbR.jpg,91
test/LqMtZwSCJL.jpg,6
test/NvZkWfMBLC.jpg,71
test/YrZTQbjwLq.jpg,25
test/gaJIwhBcqX.jpg,9
test/iIxaZwPBWS.jpg,9
test/KSjbIHXBFI.jpg,94
test/oDRMjJzndW.jpg,20
test/fWEcXPkdce.jpg,97
test/mJCVJRUjGk.jpg,0
test/DOPRVcQCnk.jpg,50
test/awcmMiZccQ.jpg,72
test/vsOdNjKYPw.jpg,77
test/vGceWLgibm.jpg,85
test/dafpljqXqP.jpg,28
test/oIlLGoFINi.jpg,98
test/vEpaCebXRa.jpg,40
test/zbItnoiHIk.jpg,79
test/nvTOATtUAY.jpg,38
test/xbPSAeyEHE.jpg,72
test/nlrwFPHcNZ.jpg,50
test/fxDkCErWjf.jpg,54
test/cMXEZpRTfZ.jpg,74
test/CiWRMidvEg.jpg,45
test/SYFTxSuRSA.jpg,10
test/RexOlxgVKG.jpg,46
test/KLKhtfoHLR.jpg,86
test/ZxgaDjnvpJ.jpg,10
test/BJWrDEXZbS.jpg,50
test/SeELCYPeip.jpg,83
test/UNlacQMRjP.jpg,73
test/LqNQUXnBEM.jpg,59
test/CRCIDRvwDd.jpg,69
test/unJmPeHzRx.jpg,95
test/LabDviIHOJ.jpg,81
test/SCCwtUHyDU.jpg,36
test/dltOAMShgV.jpg,65
test/jXnIvoZeqm.jpg,85
test/BgtvWTPxwW.jpg,14
test/RZpluLlyEP.jpg,37
test/dheYjwzcLn.jpg,16
test/ZqEXSaNInZ.jpg,66
test/yCCAuGsRSN.jpg,60
test/izxoWXqgYt.jpg,96
test/jdfbMDricE.jpg,27
test/vBxsnGDKIL.jpg,3
test/jUyCcbuGHU.jpg,28
test/DlnWXpOVXY.jpg,27
test/jgKrmrweGS.jpg,26
test/crYEyIaTIp.jpg,84
test/iCkMsQJlaM.jpg,66
test/RkULpacjQP.jpg,91
test/nmsqXUJCnE.jpg,29
test/OPHEpCAuqj.jpg,77
test/aKrUrJnmrz.jpg,51
test/MqsMZAOyBc.jpg,37
test/NGYeCbNKDF.jpg,79
test/kKzVntjnBF.jpg,26
test/FpjAHvsCQd.jpg,59
test/uCxwFaiyyo.jpg,57
test/cukeIrPcOJ.jpg,89
test/erSnzSfvCX.jpg,38
test/OBLyAlurqr.jpg,98
test/MiOtadIfhn.jpg,69
test/HYEqCGJtOo.jpg,17
test/YnTFaBRyEq.jpg,57
test/vwBmkJkajV.jpg,90
test/DHjiyzSPdf.jpg,7
test/UGRqvWBReX.jpg,65
test/udHyiHDHTc.jpg,32
test/jAoMNQxUXF.jpg,72
test/MmIUrVufgd.jpg,32
test/aRdIukefFh.jpg,60
test/fOlHgCbnjV.jpg,73
test/BqOhzBlFSh.jpg,60
test/nyzpNOCMUY.jpg,59
test/jxWFPCboKJ.jpg,86
test/fdnrhzEIdO.jpg,38
test/ZTMVwNQbBc.jpg,24
test/PdwcofQEmw.jpg,54
test/HsqwoHfcxn.jpg,32
test/hrGnRwCrZB.jpg,15
test/NkEAAJkDqU.jpg,25
test/yKHdczweLA.jpg,47
test/fBEdQqkorF.jpg,3
test/DLtRNCewZT.jpg,27
test/xtxOBGHKoV.jpg,34
test/TddSkVBvlr.jpg,75
test/kKtXBlraLu.jpg,57
test/TFtuFQlfTs.jpg,96
test/egFcFevgRR.jpg,7
test/cliEkRaSfJ.jpg,21
test/OgBCLDHAfb.jpg,51
test/nCmWGPjYGL.jpg,89
test/kvhMySoxDG.jpg,9
test/pEQfQsCLua.jpg,31
test/qbQiSRbAOX.jpg,59
test/bAlnrGOMJT.jpg,16
test/hmopnprcBd.jpg,81
test/dDNtdNbLqV.jpg,35
test/UqXIlWETCw.jpg,87
test/chbTJpdGax.jpg,54
test/GKYqtwTpiR.jpg,20
test/bvGbsIAhxv.jpg,78
test/AvpIlFSGXM.jpg,15
test/KMWglkcPUo.jpg,63
test/BhhmIQvwDF.jpg,76
test/GQPavnvbfH.jpg,65
test/kdgYynEVYW.jpg,50
test/OLJzLxyDQi.jpg,50
test/NFhoOgIZwU.jpg,66
test/MmmFbqgPGF.jpg,41
test/ONGllzhpZs.jpg,10
test/ifDwoZWqzF.jpg,46
test/NpYxqlctOZ.jpg,63
test/sFoyxSWUty.jpg,79
test/kNdcwNezDY.jpg,3
test/HQGUfSmgFq.jpg,0
test/onEPpxmPtp.jpg,86
test/jHEvCfvKFi.jpg,97
test/HVsTqoHxEL.jpg,68
test/cDvfFWvvpE.jpg,93
test/RXDyaadZgt.jpg,91
test/nGpGybgbps.jpg,94
test/SkHJzuNXPw.jpg,85
test/eJxXDGjNtb.jpg,82
test/UrvNLehesr.jpg,9
test/VmTzxjOsxf.jpg,7
test/shfAbylQIb.jpg,51
test/gMDRpwzbuW.jpg,76
test/ycJVBCqkHK.jpg,59
test/IdEyVvnFFv.jpg,73
test/cSZQiqPSHX.jpg,26
test/DNyyBGLtcs.jpg,24
test/QOeqlbaMVH.jpg,42
test/BVTuAwabUg.jpg,47
test/pLBYHtDZdx.jpg,71
test/qxHnZghnWb.jpg,72
test/VlMJrCsZBf.jpg,76
test/ZfTxOrvNxs.jpg,68
test/hInIVxShlj.jpg,38
test/bahavzuTyf.jpg,88
test/xcZEcGdAvq.jpg,49
test/XObcaAnHMe.jpg,80
test/glZxqMzFkx.jpg,20
test/tciSiFQaTi.jpg,49
test/tVrGTUDqSA.jpg,55
test/EgYLDsBbPk.jpg,75
test/XjtInIGYdv.jpg,83
test/sUHQnJLirS.jpg,55
test/yWTSRNrzrW.jpg,54
test/KiZUKcMMTr.jpg,27
test/LoURPsQZkN.jpg,17
test/AMeRefWJbq.jpg,38
test/aldvRykYPH.jpg,12
test/ZlwYqZlrEb.jpg,61
test/CPhVfpmcHC.jpg,77
test/FjtbXokKqE.jpg,17
test/OBlZSlabMo.jpg,86
test/vavQdUetch.jpg,0
test/jQRxAvVouf.jpg,63
test/ZSQAMzSqYu.jpg,90
test/zAwQAetDiQ.jpg,37
test/KwmqSusMaB.jpg,1
test/EBUtSOpKQk.jpg,35
test/EqLiHdruvI.jpg,46
test/IaHuhzeuEP.jpg,5
test/CAzOhUpVLV.jpg,45
test/SNVvWritCv.jpg,15
test/zYaFoSdHhh.jpg,94
test/bAEzPvrQNh.jpg,4
test/LJSRYhHYPW.jpg,69
test/tqBxXFVlWH.jpg,57
test/yVMTzSDaKW.jpg,90
test/kJaVOoCfCI.jpg,78
test/buLTpFAyTF.jpg,80
test/FbsALhbLTv.jpg,45
test/dkYDkwhlDy.jpg,6
test/EZsDxhEsVN.jpg,39
test/rIxqMwkipl.jpg,20
test/PumvDVvWgx.jpg,61
test/ShaOlraYZR.jpg,42
test/KJzmmxXmYc.jpg,60
test/wsFvBEpVpH.jpg,38
test/fgoBpoXJcb.jpg,11
test/pXUygWNjfu.jpg,12
test/AjQpIopPcV.jpg,96
test/kiKlwpCvsp.jpg,12
test/WihUOVpGDZ.jpg,20
test/aMuaREnZbP.jpg,9
test/yxaJZmPfEM.jpg,20
test/fhbwTpkdTM.jpg,90
test/cxVQbCdtnZ.jpg,65
test/KDmhAWHFYW.jpg,53
test/creVXwZaeQ.jpg,38
test/JkhMqcpXxn.jpg,89
test/RdXSgwVkoZ.jpg,81
test/jlWyCbHcTY.jpg,45
test/cYoXrfAFCe.jpg,39
test/IGioHGXSfP.jpg,50
test/yBIJdTHWam.jpg,72
test/mDvuSmABTv.jpg,4
test/VWAORcRYdG.jpg,6
test/UICrncsENX.jpg,70
test/gHxroRGHbT.jpg,74
test/NFutXezfsi.jpg,96
test/BDhfQAjpnf.jpg,6
test/zxmnrUGHhe.jpg,0
test/SMxsUDtfYB.jpg,19
test/HjFXIEeKYO.jpg,10
test/cNTwDroppG.jpg,68
test/kNkxBQCeyw.jpg,60
test/swzxgbsWFi.jpg,28
test/GHTqlvIHEk.jpg,50
test/efIRnmNlwI.jpg,89
test/bpDWaXLTzE.jpg,71
test/JVrUpOQuFv.jpg,60
test/AReIlDsMLy.jpg,89
test/zssoujifny.jpg,0
test/IqtMlSLLzg.jpg,59
test/nFhaWQTWlD.jpg,96
test/lMzfgmlRCx.jpg,64
test/HrdiSlKOSN.jpg,74
test/FajBaQZfMW.jpg,46
test/OAbdTiehQK.jpg,57
test/pMZROIsUyb.jpg,97
test/kthlcGvFIl.jpg,17
test/OphgPAsapB.jpg,76
test/WPjpfTCslb.jpg,90
test/HvnGPgsuXz.jpg,20
test/LknswrvmcG.jpg,46
test/oVhPRbBHjm.jpg,81
test/EkQKgANDwr.jpg,69
test/CWqfImLREP.jpg,81
test/igjEaHeGSy.jpg,37
test/kcbpuZyjAH.jpg,71
test/haZgjybCUG.jpg,95
test/pohAmIFWRO.jpg,20
test/xwqHqfruLK.jpg,85
test/kkfzXjgzVX.jpg,74
test/tKaNJJSmMk.jpg,75
test/ptTwNgHJkD.jpg,92
test/loakfMTanh.jpg,70
test/zHykmLQCRZ.jpg,71
test/TIzSgluFuM.jpg,11
test/bgHAcDCHDs.jpg,32
test/HVjxGywUZF.jpg,85
test/inLTaOseAS.jpg,53
test/jlVSBHRtgH.jpg,49
test/tGImhxALjX.jpg,97
test/iDCRkHPrYM.jpg,50
test/VutCkTokfL.jpg,20
test/GbobCZycPU.jpg,51
test/SxwjBTRBZr.jpg,95
test/eXAKiImavu.jpg,20
test/CsXCOItenw.jpg,11
test/uIHLerCGvX.jpg,84
test/opzlorSJQG.jpg,78
test/NPlEOxZtCX.jpg,50
test/iJaztAUkyn.jpg,41
test/qaofMbIJJa.jpg,6
test/tLumluvpHq.jpg,58
test/tuymODioaY.jpg,14
test/qzIMMqIsoK.jpg,95
test/hFEyejOpxm.jpg,57
test/kPJNcRFtMK.jpg,10
test/kuFxpALTAV.jpg,94
test/glmiRDVeFH.jpg,84
test/yHsQRCwxhA.jpg,35
test/tgIQnPmTyY.jpg,97
test/coZELWvgZw.jpg,66
test/cnuIkzOPtJ.jpg,57
test/dZmNFjfQuD.jpg,90
test/VgmpFgJAgm.jpg,68
test/vyPRhVzdZG.jpg,23
test/OqLcfsUulj.jpg,11
test/tNjKuXgITs.jpg,41
test/pVoaxRoBns.jpg,42
test/MHtouPyZiN.jpg,46
test/LesBrlWalS.jpg,62
test/FdCmmjFvpI.jpg,21
test/MReKPuzzsJ.jpg,29
test/CpzIqWkAyl.jpg,38
test/gfjRTQtgUB.jpg,43
test/sxSxZPBJot.jpg,6
test/KAvNhgtlMC.jpg,62
test/nxckgeCsxO.jpg,13
test/DmetCkLDCh.jpg,37
test/zWglDYRLCx.jpg,10
test/JZBYuEoRxo.jpg,55
test/CbEipFWquw.jpg,11
test/azHxOKAWFc.jpg,17
test/oqleugEvFD.jpg,38
test/BvduewUbPV.jpg,17
test/WAjppiMNEH.jpg,16
test/BblatojqJD.jpg,72
test/QTecvAKSpZ.jpg,38
test/XOAEIPsQDU.jpg,51
test/igIsMoNAvE.jpg,2
test/hRPjwdhFxu.jpg,47
test/IumABytaMI.jpg,68
test/hEgNztfuvb.jpg,57
test/fVodvGlENX.jpg,50
test/FNkmMtfpvy.jpg,9
test/WXazzFVdVu.jpg,10
test/XKpyIFdejF.jpg,46
test/qUpCRrbyaX.jpg,8
test/VZlppUAdCl.jpg,57
test/RkUcRuapMG.jpg,63
test/pkSWhKIMPE.jpg,56
test/oOccxvMaax.jpg,72
test/EZvvRBqswv.jpg,94
test/oDCSmaAGZL.jpg,11
test/aWCbfuguQP.jpg,95
test/ZnAqWYQUcV.jpg,55
test/vzoHbnHkxA.jpg,89
test/ieTWKCkGmj.jpg,72
test/ZjNlGyRuYZ.jpg,5
test/KXVPxnMzHH.jpg,12
test/DRnCHMfPGT.jpg,55
test/eIsTGLzwuv.jpg,28
test/dhSudUgYbL.jpg,57
test/oosADvkMlZ.jpg,2
test/BbQRUeDcyt.jpg,30
test/xqJKygSlta.jpg,7
test/vHvMzoyySY.jpg,52
test/qasLxqkfho.jpg,20
test/bisjpspyDy.jpg,90
test/DDtzMwwBgu.jpg,49
test/MdOeJxFooZ.jpg,54
test/sUmOcKSccV.jpg,87
test/xbqwdjRmLi.jpg,38
test/DttYsPbjYo.jpg,9
test/bwEWiSUwJa.jpg,68
test/EQEJAaibsC.jpg,76
test/WUtHYFodQJ.jpg,93
test/oHHcYOGacP.jpg,77
test/AQlXcrMwfW.jpg,71
test/ioRRgFFqdO.jpg,58
test/vZtBfawwmB.jpg,69
test/WaEmIwQbjU.jpg,73
test/WjNcHrfhXD.jpg,2
test/XvdLfjHqRV.jpg,25
test/pvjmcWMUaH.jpg,59
test/LXdsmkYYJe.jpg,3
test/acMZSnNAmt.jpg,85
test/AzgIELvavy.jpg,32
test/bDIfeebXuK.jpg,33
test/wdrqCTdnAE.jpg,63
test/QztqqieuUd.jpg,2
test/hxSwnymkxZ.jpg,89
test/WCLWcVbIIO.jpg,73
test/OBMluttVFQ.jpg,71
test/wovtIdMrQb.jpg,92
test/sKCncSeOYc.jpg,45
test/bBChPvxOdB.jpg,2
test/ArPJWpaUth.jpg,25
test/BIgkwtLzQe.jpg,91
test/bNBXyFogJY.jpg,68
test/lwTfsUcmSa.jpg,71
test/SFnzkslQRd.jpg,74
test/ZptweZjORQ.jpg,65
test/tiMndwYPBR.jpg,32
test/pbBXDGWwAC.jpg,16
test/FyDcenLjBO.jpg,97
test/dOHSLXcFgM.jpg,95
test/kdDSxFTLCa.jpg,97
test/TtamfrpUQQ.jpg,88
test/jBuoZeUmWf.jpg,62
test/KAiROjThuh.jpg,80
test/putBNcrgaA.jpg,68
test/kuiQuCKUNk.jpg,50
test/IKkDxTyxKG.jpg,9
test/lWzxAYuflX.jpg,48
test/wSvNGOxPmN.jpg,72
test/WDmylfmYAn.jpg,7
test/bRaJtVfHPJ.jpg,68
test/lQMZPOWbHQ.jpg,5
test/BByaVOtIwK.jpg,66
test/vpggWJPZwd.jpg,93
test/lMLynEGmka.jpg,9
test/PRpaLEDQGW.jpg,23
test/JOdtVCVXJA.jpg,76
test/GWAyPmVHBC.jpg,21
test/SLosPNfmOO.jpg,93
test/IVegRzHaqf.jpg,50
test/YgNqBneqcm.jpg,74
test/iXkNbRBcri.jpg,79
test/gFfhbhkBtn.jpg,52
test/TwDXKgUXoA.jpg,96
test/gNFHOyvHpV.jpg,66
test/DbuFIDPDKu.jpg,78
test/qElPYJPDEV.jpg,99
test/nrRxaUurFv.jpg,65
test/tJDNPNDnhm.jpg,30
test/YihKKmJdOX.jpg,96
test/vbmFxgZAke.jpg,46
test/BbUMVKNqck.jpg,60
test/fMnzzGvBhK.jpg,63
test/UNWwblibQY.jpg,37
test/OEwftPulfM.jpg,89
test/fOPIqLWDuN.jpg,38
test/yCDtzRxRKw.jpg,7
test/cQCTVqWnXY.jpg,49
test/EdHaXABnwQ.jpg,93
test/PgnAlKttbK.jpg,75
test/dGdbkvsCFP.jpg,17
test/gQYDUzcgSS.jpg,98
test/rkfZiWZHHQ.jpg,95
test/tUYXrGEuCS.jpg,81
test/cnbqlDpPWU.jpg,19
test/SXKtHCssPQ.jpg,89
test/JaEIiVFlHT.jpg,94
test/ITrrFvZXGz.jpg,50
test/ZJpOqGCaTz.jpg,6
test/wDvvSvbAMp.jpg,64
test/GyGOzqXtwt.jpg,38
test/XmOxvpUBiv.jpg,71
test/gGSUJqOKsc.jpg,69
test/rDbUAbBSwO.jpg,54
test/UnmxtiltON.jpg,48
test/HOJxPPCebD.jpg,17
test/rcQKYYFftz.jpg,14
test/QoPfrdGueh.jpg,83
test/DchrnoVEMh.jpg,23
test/dUaipGzStb.jpg,11
test/bzZEGQwuAI.jpg,93
test/YOzvGMyTFO.jpg,6
test/BHdaIvPivE.jpg,7
test/OQeeZzdjWN.jpg,76
test/ByxLJUSCfi.jpg,73
test/NKskVQAYge.jpg,63
test/wvvRqudtrW.jpg,80
test/DopUpzqpQb.jpg,25
test/dhPsBtBRFi.jpg,20
test/anvmUQQHVo.jpg,37
test/sFmaEwBeJg.jpg,6
test/ntGHSTLYmV.jpg,49
test/cvppspjTqY.jpg,47
test/SzUgCmPQpn.jpg,41
test/bJJlWvbzuu.jpg,35
test/xyjwWGoXTp.jpg,96
test/xYCqzYNQxq.jpg,23
test/VtCoMAJFHK.jpg,1
test/BdXtPFGidN.jpg,80
test/LdOKixAsWk.jpg,92
test/YnldSnbmWo.jpg,93
test/UoZiNVQipZ.jpg,20
test/ntaPjSgKsG.jpg,94
test/WmNoNUsrDb.jpg,50
test/bCEkrqdZNV.jpg,17
test/lvrUWnJRUv.jpg,41
test/oDqreviJbi.jpg,20
test/GNwfzPgZCj.jpg,47
test/WCRDZaPlLm.jpg,37
test/ajCFyVOGxM.jpg,38
test/CDMNEaMlrX.jpg,68
test/PnGdPthhGw.jpg,25
test/GtzIRnREOT.jpg,89
test/OCDudoGeqp.jpg,89
test/hnMMGgJpYl.jpg,67
test/xjFYSUKHst.jpg,37
test/RWqZtUzQTu.jpg,51
test/DtCTFaqrpL.jpg,19
test/ZSTiLvCVhX.jpg,16
test/IrvBrVLGWV.jpg,98
test/PIkVXEaQiG.jpg,34
test/CKEkNZFytt.jpg,16
test/JCrkmQtPrG.jpg,11
test/NBxGqzyhUz.jpg,40
test/SnFiRUWxKo.jpg,22
test/qaSwvdkYQj.jpg,46
test/IjJuBRVPpy.jpg,99
test/qgLSUWOzRs.jpg,66
test/WTwowYLEPv.jpg,87
test/lBFrHErgHg.jpg,74
test/LjWrzfpdTv.jpg,37
test/tSMndSssXk.jpg,31
test/njQgesnQMT.jpg,72
test/hxNhcdSnUQ.jpg,69
test/LkhxQSgBjh.jpg,63
test/OZOaKyvbKZ.jpg,47
test/paPaQzhSQM.jpg,60
test/HbDolYbNgO.jpg,57
test/VayccXUGCc.jpg,9
test/AqurJhuoTu.jpg,76
test/UMnqlwLiFt.jpg,86
test/erLnlvxxRN.jpg,33
test/FjciNJLUgc.jpg,37
test/oDDFnJQAwX.jpg,23
test/zuKMpVkDRu.jpg,77
test/FeQpygQxvw.jpg,48
test/lDmTQCubsa.jpg,0
test/hyiPhKVLJX.jpg,50
test/BKcJBqfshH.jpg,30
test/MEucaAEBMY.jpg,0
test/SnxNdNVfml.jpg,39
test/bMgBTiWcLl.jpg,64
test/wlXtPHAQTg.jpg,25
test/xSoIIleSTC.jpg,30
test/rYrOBVZBAr.jpg,99
test/NYwegrINCC.jpg,72
test/hWhouCjzqF.jpg,92
test/uurxFrMYHQ.jpg,47
test/JstReyaDRl.jpg,64
test/UqRBEtPGXk.jpg,7
test/CouSXGUBys.jpg,36
test/XqKlatuHkt.jpg,91
test/RKHutnXGUh.jpg,51
test/qXKDdlCHEV.jpg,15
test/zuIUwzTsgv.jpg,70
test/jCZgITrBAp.jpg,76
test/qLKykwyAtQ.jpg,53
test/BDTLhrgQld.jpg,65
test/ZsCgYLuSvo.jpg,14
test/bmKSrJRkMz.jpg,50
test/fGQJsLSnlO.jpg,85
test/pdZonBecws.jpg,37
test/hQabvyYZGM.jpg,47
test/oZPYiErGZZ.jpg,93
test/mTHWBAfLQY.jpg,71
test/PSzKIrmMvY.jpg,73
test/OovzmOwpvC.jpg,71
test/lWlZHiPKpi.jpg,58
test/MmAjcLhQYV.jpg,82
test/XufNqeFzqx.jpg,81
test/grnZcMUWDz.jpg,50
test/nFxUARcjLd.jpg,63
test/xdnNlgTsyl.jpg,91
test/cBCPMGWEYk.jpg,15
test/uMVCfObjVA.jpg,91
test/thrDzMgDwc.jpg,37
test/gtOTrQwPzu.jpg,17
test/dQUPdAFVdB.jpg,6
test/RODWkabZGP.jpg,85
test/ShbCbtryoj.jpg,88
test/OKgwWNVOSp.jpg,8
test/oDpkicDGru.jpg,48
test/wwYorTkRaz.jpg,77
test/gZzZrFbmvi.jpg,45
test/dkWGNEAFuI.jpg,76
test/OJAewvdHwy.jpg,6
test/RdZULcqHzL.jpg,74
test/dranzSicUo.jpg,12
test/AlXHpLCspj.jpg,80
test/xefFJHnkyr.jpg,35
test/VzjDOVeWqN.jpg,62
test/pHvayXfyEU.jpg,63
test/WlxAQqjcoO.jpg,5
test/TqZjVfrLgS.jpg,77
test/UtJCALGRvH.jpg,78
test/QXKnAxQbHV.jpg,30
test/jxZeCbXWbU.jpg,27
test/LxlVEFcqZn.jpg,50
test/mDkbldgCtw.jpg,50
test/KsIadgFYHb.jpg,20
test/ChZQVfXCAf.jpg,12
test/vJWfZurECd.jpg,20
test/kerIFavoCX.jpg,50
test/lVwRLUzIhV.jpg,91
test/wnjZXGQgqm.jpg,73
test/jQNdsVdyay.jpg,5
test/DyELczKZPF.jpg,32
test/kGUKoafHph.jpg,57
test/GRJUVAxxRt.jpg,51
test/ywdWOZORzd.jpg,73
test/iKoIJffTkE.jpg,50
test/pTPHmeilmi.jpg,16
test/PhhiHBMoQj.jpg,79
test/aKpDzLINjH.jpg,58
test/XIlORNUPpf.jpg,6
test/AGaPsaBKqs.jpg,89
test/KrPCrPvVsA.jpg,77
test/CWyXhmQaKJ.jpg,37
test/BNtKYeIxsj.jpg,73
test/obPfpJyFOf.jpg,97
test/qdDAXCbwyt.jpg,76
test/ZasIbcrukA.jpg,63
test/nobKoxnsTG.jpg,50
test/tUIcdAiifH.jpg,30
test/nflxfYqriA.jpg,20
test/WYGYzvyJrV.jpg,51
test/cuzvQWwvkp.jpg,12
test/BnBSSXcoRn.jpg,34
test/vdgrvXXhwt.jpg,64
test/Fzfsfubigi.jpg,77
test/kMaoWzfLor.jpg,35
test/tBEQYvUFmA.jpg,91
test/eeWoOJJsIX.jpg,30
test/UBMszPiBnN.jpg,85
test/oCQwlWiGOF.jpg,14
test/BfEGjbsIgG.jpg,85
test/ydhUnfEWUg.jpg,29
test/EPEImFdZtz.jpg,72
test/HDIMralBte.jpg,42
test/sBvCReRSsR.jpg,33
test/hyKPsDsneX.jpg,39
test/uCnKjrixoi.jpg,11
test/SEWjMDGFsJ.jpg,38
test/EjhSjZSsXk.jpg,57
test/qEBRyBdvCb.jpg,59
test/qHiBqNYZbT.jpg,9
test/ewToSnIGTl.jpg,63
test/CuynhoZxOt.jpg,38
test/gizKRQvNTX.jpg,68
test/voGVuYcYHB.jpg,17
test/bgbnCVtSQW.jpg,35
test/qDhpTzTImN.jpg,23
test/QLLGpSsegU.jpg,10
test/GxvoMoSkgB.jpg,46
test/PWpdLotwGJ.jpg,37
test/NNummqVdnR.jpg,24
test/qHiehXBPVL.jpg,32
test/qPdfhxAZfx.jpg,73
test/jNslNzQOOX.jpg,17
test/qjjIPjebxq.jpg,51
test/dqHeCQPOdg.jpg,26
test/SNkVMpWJWc.jpg,4
test/xzJzLSPKVp.jpg,86
test/IAJLHyQWTZ.jpg,87
test/sisGRKrDvI.jpg,20
test/aijoYhkARm.jpg,78
test/bRuGJeeqxS.jpg,77
test/AZALnBasBB.jpg,11
test/swgzeGemdY.jpg,47
test/LWdvoQnQQX.jpg,57
test/LztqoDfhko.jpg,7
test/DUDHsULsGR.jpg,30
test/FpQUvTRXCy.jpg,65
test/UCbCgwzLVu.jpg,59
test/mdCgmIUdQo.jpg,78
test/HcSXxiDuVJ.jpg,62
test/UplfUnRgLF.jpg,74
test/PGwpHftoKT.jpg,80
test/eLPvhngjMb.jpg,62
test/qINFLhRAUM.jpg,22
test/CrZaYthaYv.jpg,12
test/IoGEVSlOoY.jpg,87
test/bScCBVdbpu.jpg,65
test/IggfeqBdHp.jpg,50
test/UrQqMexnDM.jpg,37
test/yxtppkbJAX.jpg,12
test/kOdocztrdl.jpg,86
test/cWmYjatkkw.jpg,7
test/CHtdIEcSdY.jpg,77
test/GEMTpYKvFX.jpg,85
test/XhEcCWdfvK.jpg,87
test/bXOUrNUHuX.jpg,77
test/GzLIDxtVAz.jpg,79
test/fExjWCsJJz.jpg,89
test/bjhvDhKmFl.jpg,85
test/UjrMpYDetZ.jpg,33
test/yDUvyqhbLr.jpg,34
test/nFkjBNXZZo.jpg,98
test/AhpdPGnfkd.jpg,37
test/kfkjxkrfjH.jpg,23
test/bGWqOkzSkz.jpg,12
test/XJtqbABXar.jpg,45
test/PBllxIgHwr.jpg,71
test/zyLnIxBwkg.jpg,61
test/ZRMBpktTHJ.jpg,23
test/FfXRieBXaw.jpg,54
test/BNDEVwbLAY.jpg,98
test/wvHLuuODEF.jpg,9
test/mSKTMkpAkb.jpg,50
test/zjhNhNsbJA.jpg,91
test/KGhNDPGLFJ.jpg,67
test/aNPNhwFJKw.jpg,55
test/CRtYuJvfHw.jpg,43
test/cTsJAcMPMN.jpg,31
test/zjHAsyAiUg.jpg,26
test/SKRluSsyCV.jpg,57
test/fAHBBEyZtf.jpg,23
test/TfgDZruAKa.jpg,93
test/XptdaUsTtJ.jpg,52
test/ZYRdkrUTYt.jpg,30
test/tfhDBtaXrs.jpg,44
test/nMFAsfmuxb.jpg,1
test/oUuxihmbQP.jpg,64
test/PXEtluroHO.jpg,74
test/FyOlQUnjsh.jpg,18
test/gszNLREPXx.jpg,86
test/QflVyVUcBD.jpg,2
test/CNYJVLfYIH.jpg,17
test/PTmcpBxcit.jpg,50
test/PeDHZCxkNL.jpg,65
test/eaDQrDzgik.jpg,50
test/xBuDWZSmyx.jpg,98
test/GUpytRwlCz.jpg,49
test/HniyaxLktr.jpg,75
test/kjWZlyqJpR.jpg,74
test/mABHRVLHym.jpg,5
test/JZjPXkfvEg.jpg,24
test/QdmQItCWwP.jpg,38
test/vaAfZiQVHO.jpg,38
test/cIimajucvO.jpg,99
test/ahYAMewkGV.jpg,37
test/ygNABtCyKV.jpg,82
test/ZZhFEyiOvB.jpg,38
test/KOGxgNyCwt.jpg,15
test/AyGYUsBXZk.jpg,5
test/EPGMnKGeBm.jpg,55
test/DDfqvVDzjR.jpg,45
test/VMshvTUXjj.jpg,75
test/NzzPCbpfxr.jpg,35
test/VSNEtNiSvI.jpg,63
test/AsHJlHzLGX.jpg,32
test/uaJYzSYMop.jpg,68
test/jXlFmykqGx.jpg,77
test/bizmgQPxGf.jpg,75
test/KOkffoNAKK.jpg,6
test/XGzQHNuapH.jpg,3
test/KPFkmWAuRY.jpg,85
test/mdQvZXtGqx.jpg,37
test/BUxRrRfVEi.jpg,33
test/UOatjTaDYS.jpg,55
test/EMhyfVtIyr.jpg,2
test/xInryHPNoX.jpg,50
test/KdyFNXAjVI.jpg,69
test/sDjSoBsbTJ.jpg,38
test/jNjzXemLoZ.jpg,61
test/jJpZGTbdBt.jpg,63
test/aHSSVcJWqy.jpg,48
test/OABPCiMMQH.jpg,39
test/nUPVnsuuRJ.jpg,42
test/AwYthkUoOd.jpg,68
test/hrIRBQtaIc.jpg,20
test/PNrtNWeZjv.jpg,57
test/dGbbRKLEsm.jpg,81
test/QpLatTILvH.jpg,87
test/sSyGGlbXfX.jpg,50
test/bPRdzueGcU.jpg,77
test/PvAtcRmgYr.jpg,6
test/rRGaDBLhbx.jpg,37
test/sUhrGneQTf.jpg,28
test/rQVAZIEBLl.jpg,11
test/vWXskzitBq.jpg,2
test/pgbQVWBfKs.jpg,69
test/ZmKypuPhSi.jpg,59
test/OODnpxbFEi.jpg,90
test/FfznYXRcmS.jpg,74
test/SAFjhcpLsd.jpg,17
test/EOJsNIumey.jpg,47
test/nJDCFShzMY.jpg,32
test/ZhgHJIxFMH.jpg,35
test/IQLLfBXgjP.jpg,50
test/UltCFifcsN.jpg,81
test/lcPajLeXla.jpg,11
test/lWuCxYzfhB.jpg,50
test/XcNNhURgkY.jpg,45
test/iJzNAXfcEc.jpg,85
test/kBRrIaJASa.jpg,92
test/VdjVJOVtoE.jpg,48
test/AWuhcnMBKG.jpg,65
test/EhrNOOilwk.jpg,91
test/QYKlzMXzLB.jpg,22
test/YDLwpcYqPG.jpg,38
test/tUGizuEZFm.jpg,5
test/zujdkhkLHw.jpg,92
test/sJKQATpnII.jpg,93
test/QmuaQJbZMa.jpg,77
test/KHELThYJbX.jpg,74
test/IyWIAhZKvw.jpg,91
test/ouAEHBUbJh.jpg,57
test/qqIQIRmhrX.jpg,0
test/MHvVagSzqG.jpg,74
test/subvOEIfQD.jpg,75
test/aZhoVSRFIb.jpg,57
test/UtcgmDqJZm.jpg,69
test/QSqBagEKGw.jpg,86
test/NHpbctOUEX.jpg,11
test/NcALgTscut.jpg,34
test/EUdBfDfBYi.jpg,57
test/rolOlPiGLS.jpg,82
test/UiStOsdKYf.jpg,17
test/CwoFuRCXwe.jpg,60
test/uSlufydmFq.jpg,72
test/QgBDVguXbd.jpg,51
test/WbqcYFUkWw.jpg,45
test/GSiZLmuwcj.jpg,4
test/ppSZEGpGix.jpg,80
test/HefRULsQih.jpg,73
test/UBrvEajtzD.jpg,93
test/OklRYFFmsz.jpg,0
test/RshPUJMhaK.jpg,93
test/jAAHWcjeYn.jpg,42
test/CoKHGjsRKx.jpg,94
test/nhpRIKYGre.jpg,41
test/dGnlWPhTkf.jpg,8
test/yoUMwkuRei.jpg,99
test/hPQPuPUkaj.jpg,76
test/hCgTVZGcLP.jpg,8
test/pgehaJWIpW.jpg,89
test/TDaPpCjmfP.jpg,14
test/oveSHueYTb.jpg,17
test/YQLXLdILDs.jpg,0
test/nuqSikUuyn.jpg,38
test/jUhHtpIJFm.jpg,49
test/EzJCxKVufi.jpg,14
test/RVTYVNKuKK.jpg,94
test/EXZjdyhpcK.jpg,60
test/ScLOKgMVDg.jpg,98
test/qYXjTSUCxO.jpg,92
test/TzygTukZMp.jpg,16
test/IOWpoEFaje.jpg,77
test/nenLFDLyMW.jpg,73
test/NeuPBnRILZ.jpg,64
test/jHdjdcrtaK.jpg,90
test/OZKcfMokZS.jpg,85
test/YqGOpboCxy.jpg,50
test/eLmwNXwsxT.jpg,7
test/FiRmLAsLqu.jpg,80
test/nBCrTkOcDE.jpg,37
test/UuMnIdzSpN.jpg,3
test/bMSOXdKRML.jpg,79
test/aXiZEJrsCt.jpg,59
test/NOXIGKNMYu.jpg,46
test/DTdbmqSnZo.jpg,98
test/qsmPPgOoeT.jpg,72
test/JgOpzYAure.jpg,20
test/EsDhhDQkeS.jpg,3
test/RHrOJXIlwk.jpg,76
test/oRuMIuaqaD.jpg,14
test/rPbEaPUWjl.jpg,85
test/aZEEhPDrHj.jpg,57
test/fDsbwHsmMA.jpg,70
test/dKNOgweHMt.jpg,50
test/eDOXXrPXbS.jpg,37
test/ewwsGXrQTH.jpg,33
test/tHGBMOMtBa.jpg,35
test/lLfhVeCEmo.jpg,32
test/mvEBoFUsrg.jpg,22
test/qToVnVMbix.jpg,62
test/SUGdJxbrOs.jpg,96
test/PGJKOqwGbR.jpg,87
test/raSOUiAYzo.jpg,57
test/TnoIjKJoiQ.jpg,3
test/mlVPZttTYU.jpg,78
test/uVythRfRqo.jpg,17
test/KVOrRyMoSu.jpg,33
test/vfOtZQZKmW.jpg,80
test/espsaSUmvI.jpg,37
test/BXEVNpocUD.jpg,30
test/LUdCLDMyGX.jpg,97
test/ltoqycSfFj.jpg,85
test/QUBevMcUaI.jpg,73
test/LPWreVJgmo.jpg,35
test/MunabpMpHu.jpg,99
test/FHCZulFZfw.jpg,75
test/ncQZmrVbrh.jpg,62
test/pbSzWZPxlu.jpg,74
test/pnNKPLlBNl.jpg,90
test/vOXcNFdKRQ.jpg,53
test/KQJXFXrfIf.jpg,96
test/gWXIxXEESR.jpg,77
test/DRGYvkQrkb.jpg,12
test/QeWJbMzrYM.jpg,35
test/HPqxSgajuE.jpg,76
test/BGGgBwMAAG.jpg,85
test/yWojwTZYrq.jpg,90
test/XpSBOVJedX.jpg,77
test/rvXdEGcOuk.jpg,74
test/BUaWfpJvIb.jpg,35
test/wLOdlvxmvP.jpg,48
test/bwNgaSEbKH.jpg,2
test/cVEPaTIDlp.jpg,68
test/tKEoNMzbVh.jpg,5
test/iBPQNnLoFw.jpg,11
test/amMUcVgGee.jpg,2
test/vndFrIeLuR.jpg,78
test/QAyUAQPhKx.jpg,53
test/ltXqmPPOJh.jpg,38
test/hOpwdJYHKX.jpg,73
test/SSghFytigN.jpg,99
test/nLDenIiMgY.jpg,57
test/SqIwHXPlrZ.jpg,27
test/qQuXrJfmNt.jpg,57
test/QuNpNfSQHV.jpg,70
test/FekkMyItpM.jpg,15
test/lazIPPhmiV.jpg,65
test/DmpeWipqKA.jpg,57
test/xTozQXBqew.jpg,50
test/kykPHpAeDm.jpg,91
test/aGivlCELzC.jpg,54
test/gcCEwyXErO.jpg,20
test/PlCNVOmFep.jpg,91
test/zAEaXhRaPC.jpg,87
test/eIHgLhOjGE.jpg,21
test/YyqBEIBjqy.jpg,98
test/fujYXnzPHG.jpg,55
test/AhcFopaxca.jpg,71
test/dkRUNjPahb.jpg,66
test/vArcKuOTRq.jpg,78
test/CTLhIaClHF.jpg,81
test/vonbmREOzH.jpg,26
test/bDTXaDhzdP.jpg,48
test/exYGcEtTXe.jpg,91
test/eYSefCWQra.jpg,92
test/SrQEiIcUjC.jpg,56
test/iWqJZSIVrL.jpg,11
test/mCXtvddXLN.jpg,48
test/sUnsOVLEvO.jpg,57
test/TcUZfZTBLn.jpg,5
test/phvJPKUgDU.jpg,58
test/IkhzGNpXjF.jpg,86
test/WOgsHAPUaF.jpg,20
test/SEQCRkvceu.jpg,78
test/waWvLJgpZr.jpg,64
test/bqInBHunpx.jpg,63
test/xOECKsgbMf.jpg,89
test/NGwsmJloea.jpg,63
test/bYbhkWrfMC.jpg,30
test/ATFaJYtYiE.jpg,46
test/JvfQmkMRqW.jpg,37
test/WipfSObdUZ.jpg,59
test/WSLeXAEJHA.jpg,38
test/RdaashoQyO.jpg,45
test/XLbzUXMdQM.jpg,46
test/SCCpWEmyfA.jpg,89
test/NlHymUhUWZ.jpg,76
test/XfMSkBJIJn.jpg,82
test/QEtkaZfmUs.jpg,80
test/rrhCnVuFah.jpg,65
test/WTGFvpFqSr.jpg,74
test/SokAnevLKr.jpg,30
test/IArDFHNXGv.jpg,3
test/kIbpTyYJmB.jpg,0
test/MCuRMTwxbN.jpg,63
test/jOxAtXlmYZ.jpg,58
test/ASDwCkbCLg.jpg,97
test/ZqbUJElwjs.jpg,87
test/BjROCmhOan.jpg,20
test/EoKXlGXNgY.jpg,15
test/RqInPGLyaU.jpg,1
test/aLQHoLuqpE.jpg,93
test/EXBPZfjzoU.jpg,93
test/pxjgsmLRlk.jpg,47
test/wuKsNvndYl.jpg,86
test/DOnbjksdDz.jpg,37
test/nWYRnYAtpy.jpg,16
test/znNkqWRgFK.jpg,63
test/GPAQTvzZKg.jpg,91
test/tXnCZLqHoE.jpg,28
test/ThHicgaKOH.jpg,90
test/HoDTuEJOXR.jpg,45
test/ktxURRcJvM.jpg,0
test/SAIFYGeQNK.jpg,50
test/uDuqfZfJTm.jpg,20
test/IUKMHSPiaK.jpg,34
test/OhOMdplJtO.jpg,47
test/xquKVhgNbH.jpg,26
test/gmVVrJJUtx.jpg,73
test/sGcEXPZSKj.jpg,38
test/CwAZMXEYSq.jpg,29
test/sVSOCWxwpv.jpg,92
test/HfXxklmNqB.jpg,73
test/uFKDmgHGhY.jpg,66
test/PsoACEiUeb.jpg,12
test/QQQOpGqVyj.jpg,98
test/BuHeElKELv.jpg,49
test/RqvHvprqij.jpg,87
test/bXQBdlKpYX.jpg,54
test/liXjNfUygu.jpg,47
test/FdbFMnKyUP.jpg,27
test/PNStgviUNh.jpg,72
test/VXhiJZMlxx.jpg,0
test/xXKKxghzOT.jpg,56
test/CKICrWJcCp.jpg,79
test/NltjvYiZhO.jpg,51
test/ftLietjdvY.jpg,0
test/BTIdZMnpQW.jpg,63
test/eRmVyEyUdF.jpg,65
test/EdWeUKdyGN.jpg,12
test/esfCjeERLC.jpg,30
test/ayEBSVJoaU.jpg,11
test/zJleeIeeyi.jpg,30
test/cXVdCJeQzz.jpg,85
test/cVdSAsKjqP.jpg,47
test/MWgVHvRvDD.jpg,57
test/HyGdmdNUcN.jpg,34
test/NaysmYtkoI.jpg,9
test/uSWilLttTv.jpg,88
test/VFfSVbfCCe.jpg,9
test/HsSreHexuM.jpg,93
test/eWbQVBPsMM.jpg,17
test/PaLunaadfg.jpg,78
test/QggrhruHGQ.jpg,85
test/hvXGzRANEb.jpg,87
test/AXOQckKfaR.jpg,4
test/ISlxICWtpv.jpg,64
test/HtiCwtmtBD.jpg,27
test/vzvnAEBfVc.jpg,49
test/uKFoYiccNp.jpg,27
test/defqEZIGSM.jpg,34
test/puGShgobag.jpg,46
test/EAPEVQBFlq.jpg,45
test/qTWqparxzg.jpg,75
test/BnyLOgCDnY.jpg,78
test/zXoKwDnAOW.jpg,77
test/rzqiucgMsC.jpg,55
test/yZYjIaDHom.jpg,38
test/kpBuOJgQlY.jpg,11
test/NamvNXEnXN.jpg,57
test/RDXBRlbmlv.jpg,35
test/SMqqFJPzwL.jpg,76
test/HtIPKpTfla.jpg,84
test/BhSIPvzxpz.jpg,47
test/xiNeQZKUOv.jpg,57
test/seISfplbEt.jpg,45
test/CBsOfoLTlA.jpg,48
test/cvHDnlpUsX.jpg,76
test/LTgvHEcQma.jpg,57
test/QiybDVBMTZ.jpg,32
test/OkTnfOvung.jpg,87
test/NWruiLlbyG.jpg,21
test/HLLnKPkjNe.jpg,73
test/TkRKDCpZLG.jpg,96
test/ihfNYdBLkp.jpg,48
test/nNWhTKQzQC.jpg,29
test/VjIZcBANbI.jpg,75
test/TwTykhOoFW.jpg,4
test/fSmVqtTbmz.jpg,37
test/nbvLTAVyNh.jpg,77
test/ylKxIKRQqc.jpg,4
test/WeFAxeGJHd.jpg,69
test/HFmYIJMbnS.jpg,36
test/cNtVgsNxQS.jpg,84
test/TIdOXlxFeR.jpg,65
test/RjWIBbGFxH.jpg,96
test/lldWsGhLRV.jpg,58
test/UTlQRFLlBd.jpg,10
test/mgkKYfUgZO.jpg,79
test/qMMwUnsNEa.jpg,7
test/miARwFTzXL.jpg,6
test/xDIpFuqWRN.jpg,56
test/kEuXwzlVdP.jpg,13
test/FlJNSYHJng.jpg,11
test/giJzoxrHUI.jpg,0
test/cuhFsAMzPx.jpg,67
test/HymdGlUsbk.jpg,5
test/ffnvZkHxVJ.jpg,2
test/kRjkIhASba.jpg,65
test/lEXPKbDKRH.jpg,30
test/DAITHHaCqI.jpg,8
test/tBCFjDFzWd.jpg,90
test/nTcBfUdPPM.jpg,80
test/oYVpUYJLIP.jpg,8
test/sGIHgvoGGv.jpg,73
test/WSpAfyJySM.jpg,57
test/WeoNfSlITU.jpg,48
test/pFGHvdsKnT.jpg,9
test/OUdxgIxZfA.jpg,54
test/AFmlqRHxBB.jpg,54
test/JkipwVKZyJ.jpg,60
test/bwoqjJXNyh.jpg,95
test/jrXpEnORuY.jpg,67
test/MRuVbJpiIx.jpg,74
test/KMnPpCSMXQ.jpg,34
test/CuFEDUTyGZ.jpg,38
test/xkMiITXKJt.jpg,95
test/jhSaQZwRip.jpg,68
test/LfcUhnJlSc.jpg,63
test/ETfXksFSwP.jpg,7
test/MIyRKCtRCx.jpg,35
test/UNuvZePoFV.jpg,79
test/PEzoGVPJdZ.jpg,23
test/vFXjXJYzyC.jpg,85
test/sRSHEKBfVS.jpg,30
test/EVJIqMdziq.jpg,79
test/zyGXEZpFNe.jpg,12
test/aKQQfsTATA.jpg,46
test/DyzEaeYKkS.jpg,7
test/QBANziQXJN.jpg,10
test/eJksvENjNX.jpg,38
test/YjnEGFyGkE.jpg,30
test/OTkGsXmepw.jpg,96
test/djozPvEwvj.jpg,84
test/kJdRhFxAxG.jpg,98
test/iVdkwYpYiZ.jpg,50
test/ZiqyXEEmOR.jpg,82
test/iuBNAWOgkr.jpg,34
test/zBxQjJNaTy.jpg,40
test/xqRDNzVxRn.jpg,71
test/LJuvikBaQt.jpg,32
test/iOZqeOafkD.jpg,64
test/UiNGfSgVqc.jpg,50
test/iUSxWvMbiv.jpg,31
test/kfjdbokncc.jpg,98
test/JopXFZLBhJ.jpg,20
test/lJaxQxmjgz.jpg,59
test/OCZaMcdgDm.jpg,94
test/zlAbTxFFQY.jpg,11
test/IDxZbjJadU.jpg,34
test/CXmWkiwvCL.jpg,87
test/SGhITeyWIY.jpg,74
test/QAiStWsNiX.jpg,77
test/MzSytAKinY.jpg,74
test/QoUYEmYsrX.jpg,70
test/XXEQOsmGKV.jpg,50
test/FAiHPjFURu.jpg,5
test/bkgnzMkIgq.jpg,2
test/ehiqielDHf.jpg,70
test/vGXkgpdhEi.jpg,45
test/hwoucTHPKw.jpg,41
test/tjCPbQVvWK.jpg,3
test/JPtEeMhDTM.jpg,19
test/WSKuTdZOsJ.jpg,12
test/gGuuTMAXpp.jpg,66
test/CRejgzbDWm.jpg,60
test/vcYFYJsYzq.jpg,6
test/tcBSxPYVdX.jpg,9
test/LJZznCbkgF.jpg,98
test/ZZWdiRmwEz.jpg,63
test/DDtmUxLixa.jpg,97
test/wjgdezDgYt.jpg,14
test/LTiTKZVCyg.jpg,37
test/UTrhulMBqv.jpg,77
test/zGvOsPOWdm.jpg,55
test/mkFrSprlxf.jpg,55
test/tZGVyAfZwV.jpg,10
test/hoVSHkujJq.jpg,62
test/MEBVYCSwcb.jpg,60
test/PqHDzynKQr.jpg,84
test/dZPOIsXnYT.jpg,35
test/RDWBvCspNW.jpg,38
test/rMKqqzIWKN.jpg,10
test/pdZathAijy.jpg,85
test/sFOHjorLAu.jpg,9
test/UibzAiVgRc.jpg,19
test/MExDMnYBKm.jpg,29
test/kkVLstZGUe.jpg,64
test/ppLwbfICtG.jpg,64
test/IqxqpToMAu.jpg,35
test/pXilTFVLah.jpg,97
test/rdrvYWBktn.jpg,25
test/EGVsSJWfxw.jpg,73
test/RcqOmAejCU.jpg,79
test/SCTxZIPNAq.jpg,61
test/CIiBtrXwsU.jpg,10
test/GMoQYHGFXN.jpg,46
test/YahPebBwjJ.jpg,42
test/ORaksPchwc.jpg,89
test/lvIDowfPlh.jpg,49
test/WYvdQldZdE.jpg,11
test/SfuapusQRS.jpg,50
test/zStMqDozxD.jpg,68
test/XYcKyaFqWV.jpg,96
test/YmUDQmduVN.jpg,96
test/exWVvXsMof.jpg,86
test/tUUmkHiWbS.jpg,57
test/DpYSySySqw.jpg,68
test/HklbGovXbT.jpg,71
test/unBYBzkifY.jpg,18
test/DqGcxJGnVK.jpg,87
test/zrCuPhKEfd.jpg,86
test/MtBIqpRjgI.jpg,37
test/CiLAOaJNoX.jpg,20
test/EhtpbRrRrP.jpg,57
test/JJkkyPkOBY.jpg,3
test/uxGKHEHQhd.jpg,57
test/SchPtOoyNX.jpg,80
test/xXQSukUXzH.jpg,38
test/wIVnEoGQJV.jpg,38
test/wTjjorxIdG.jpg,37
test/gAakWPzfFr.jpg,38
test/QUXNUClzNl.jpg,42
test/JHkLrCyRHV.jpg,5
test/pDGXvjLieQ.jpg,20
test/QEbBNcQhoe.jpg,60
test/QLrLcTkniQ.jpg,58
test/mJQtUfpfKU.jpg,97
test/ANSPtzwfaR.jpg,60
test/IZmTHQjfcs.jpg,18
test/XWdPFZXsoq.jpg,81
test/CbLAlecQJo.jpg,59
test/htpROAjKTE.jpg,64
test/LAptNwPugw.jpg,25
test/vafMUbVlny.jpg,4
test/LcNgegTPYN.jpg,29
test/msBQQuvkIo.jpg,7
test/vGhQgZpaWG.jpg,8
test/zlLUhFrGNB.jpg,98
test/knpnwRjtyk.jpg,5
test/uHIANzSRwW.jpg,65
test/YIePVVKpWc.jpg,96
test/WxgWouSYrH.jpg,82
test/rawTbMZLYJ.jpg,91
test/qZZzllaiqh.jpg,97
test/nhVQSrGIfW.jpg,98
test/FXIcyxMQXR.jpg,82
test/ECpzlCkXJm.jpg,73
test/YNlCvwdtDt.jpg,97
test/SQEyblOICI.jpg,58
test/YwygEYujhx.jpg,11
test/SVqqGXjbbn.jpg,89
test/bsrSCcKNWS.jpg,29
test/RXmLKgBdOn.jpg,71
test/puEHwxqSvG.jpg,79
test/AfimitoveI.jpg,66
test/VcNwVZlMQZ.jpg,10
test/CYBVhPvZXg.jpg,26
test/XmlTYryOLt.jpg,87
test/cPYYmGFzaU.jpg,33
test/vHTdNPdnAs.jpg,81
test/WwVbPrgXXn.jpg,73
test/nHJCoNwBSw.jpg,79
test/uILGyCBspq.jpg,63
test/dYXfUgFEQc.jpg,31
test/xUpVRPVMTn.jpg,49
test/aTItKpjsFD.jpg,13
test/ldECPXpBlS.jpg,4
test/pehmQNTwvo.jpg,10
test/YdJZiVcjoR.jpg,10
test/mggrdviSDl.jpg,88
test/TlDUkihDDr.jpg,42
test/ewONvqrNNV.jpg,74
test/qEMwMjIIMe.jpg,57
test/geJSvOQvYW.jpg,89
test/ZxhQTfOkTD.jpg,37
test/OmucUDIjeh.jpg,54
test/hxxMYehdBt.jpg,75
test/zacKiIHGGG.jpg,38
test/gabpScPMCg.jpg,51
test/ThQIFHrwYz.jpg,73
test/mNImKwSkvr.jpg,42
test/QAXpbznbyq.jpg,9
test/rslgSkNJIi.jpg,11
test/eULkPvvmho.jpg,96
test/epkniQZjIm.jpg,47
test/xSyaqAYbLG.jpg,35
test/SZWrfnMCIL.jpg,69
test/XuqQhmjFbS.jpg,27
test/mmXWUiOxMQ.jpg,83
test/BfaAPONBiG.jpg,74
test/iysjCCzEsN.jpg,57
test/ZwJAiwXQsX.jpg,41
test/kHNLcFpYzp.jpg,73
test/GndXILASPl.jpg,35
test/sMlyjyqdQA.jpg,71
test/ZIaGBKWxpq.jpg,68
test/aFdmqMOrtS.jpg,54
test/xcXKByKHwv.jpg,78
test/EecaMERfVG.jpg,85
test/jYVsBlsdJb.jpg,63
test/tusRJDDnsa.jpg,92
test/FxSvWDFkVN.jpg,0
test/bhIoFBfcPx.jpg,7
test/obxgarUFQk.jpg,17
test/pRcSzfnOzI.jpg,36
test/ZkBXKkwWqr.jpg,63
test/wxZplWTchF.jpg,22
test/hAVfFzVMub.jpg,45
test/pdsNNQpwNB.jpg,22
test/EMHKKvcRRd.jpg,77
test/xaFutVUZVl.jpg,9
test/jIUEJBXFbn.jpg,95
test/pTCLJbpNOr.jpg,11
test/FcVGNqFaSM.jpg,26
test/TKCeoJLkvL.jpg,94
test/XVvSSAbOEY.jpg,38
test/XKLVLvUXij.jpg,79
test/CFuLYEADAL.jpg,37
test/dgZVaNXwzr.jpg,8
test/RpyZpiRBzv.jpg,51
test/SpNWQnbmkO.jpg,8
test/dKjwtyeDIP.jpg,73
test/QmspgTjUSH.jpg,91
test/xvePPMrscx.jpg,82
test/eWwkDmXCLN.jpg,74
test/dvjdbIGfWU.jpg,5
test/PcTqTimTdb.jpg,83
test/QWqvYzBZQv.jpg,64
test/dCePrRefgV.jpg,74
test/kjFNJLGYlZ.jpg,64
test/fOnVpNqpYi.jpg,97
test/wXUxFTgCak.jpg,21
test/xclPvVhhnt.jpg,28
test/fcbFSqZmLP.jpg,64
test/BAptcOlEgN.jpg,86
test/snKvPpAOen.jpg,5
test/riqDpFAzox.jpg,88
test/bGszzpANvi.jpg,19
test/JtpcXFharj.jpg,17
test/ehfvVIsYxT.jpg,7
test/TxkwJSNSKt.jpg,68
test/ZbcNcWzDEn.jpg,90
test/cGpMHfMioS.jpg,51
test/SBwpZgIwLi.jpg,48
test/TMfChDyhKU.jpg,5
test/iAoBLshRGr.jpg,74
test/ZNVwcGnDAs.jpg,46
test/DZCfbDurPF.jpg,66
test/PyrSYcgsTx.jpg,62
test/kxUnsTomgZ.jpg,50
test/HkcUeITHeh.jpg,64
test/CuOuBDIXuu.jpg,86
test/grJZbbuOCA.jpg,7
test/zLUqyzZPEN.jpg,54
test/EprnVAYygG.jpg,64
test/iqJWUfKMHf.jpg,54
test/tXxptTJIud.jpg,38
test/BAcSmRHPcd.jpg,85
test/ulmrBfwuzD.jpg,63
test/jhgBWoIPjh.jpg,27
test/QYGTrQRUds.jpg,49
test/IzARRBzhog.jpg,69
test/fxEbUCmzyZ.jpg,59
test/cqiSCFPlWc.jpg,52
test/PQZKcHrHgl.jpg,74
test/lQBxKIPHsR.jpg,90
test/DXIGXKXSvJ.jpg,7
test/wwHUyNyCUn.jpg,9
test/VeTSCYYJQa.jpg,27
test/JmKSsNGBjy.jpg,92
test/bSiIfZvNKa.jpg,66
test/IDfLYBrHKn.jpg,64
test/uVqJvDIwzx.jpg,14
test/RrDezkOGfu.jpg,72
test/EklFlMBumI.jpg,74
test/XFvapFStIp.jpg,50
test/zMtOmoGKiN.jpg,2
test/xyBqJUyVcy.jpg,63
test/UJeWvCMdjO.jpg,54
test/DaldRFEDqW.jpg,7
test/SUOgYktJYc.jpg,73
test/wIewDkEmsT.jpg,96
test/xwEluKrxvH.jpg,61
test/LdxVgDRXGq.jpg,4
test/TPKnkHFXxF.jpg,96
test/rQLlLdwsMW.jpg,50
test/QibjwpAFVm.jpg,12
test/zpnKZZCSkR.jpg,57
test/uOvWNarHaW.jpg,39
test/CzYvlYotrq.jpg,60
test/wmmyWRsMJT.jpg,6
test/oJkBswwwFv.jpg,88
test/PArkGuvGxd.jpg,65
test/bDqOlPcoDp.jpg,47
test/TaiJiFgMyV.jpg,73
test/xeYYKYmqBa.jpg,96
test/PvmHIrVbrA.jpg,64
test/fsereIyJbt.jpg,88
test/AAENsrvmut.jpg,54
test/GKUpttvCem.jpg,35
test/uXGNiIjMrY.jpg,10
test/wILjnuhqbM.jpg,35
test/bDpZxRhJbq.jpg,97
test/qvwQpMzFuq.jpg,98
test/DZXHKgmVwx.jpg,54
test/clxfTeEkxX.jpg,97
test/ZrUceBDXgS.jpg,20
test/vvsuKIQqQG.jpg,63
test/ZXGvXIUwAk.jpg,88
test/kHLObCbrhM.jpg,57
test/KMIEwPVLBC.jpg,22
test/VWFeKvjvHs.jpg,58
test/bUIHGmigUt.jpg,75
test/DIyxgghITh.jpg,5
test/mEBlhtWAYl.jpg,90
test/WjoGITfJpf.jpg,42
test/EQnvKqBjpP.jpg,50
test/mPpYlYDgxf.jpg,65
test/WwtMzYsJWJ.jpg,49
test/HgcBWierAH.jpg,19
test/wBKJuZxGcr.jpg,21
test/FDNfZCEWMZ.jpg,19
test/LVDBDoVENl.jpg,38
test/tCyGKMSIsa.jpg,99
test/UBcTGXZBJU.jpg,59
test/SfcFbfWwIE.jpg,37
test/zuLegSXvij.jpg,97
test/xXUMXEAMfD.jpg,5
test/BEzPJnPkeq.jpg,71
test/GabQOImCwb.jpg,81
test/VYnPDmIZnL.jpg,88
test/FZepvcNzBo.jpg,50
test/hOxXecvAFE.jpg,28
test/CPdSMWaCRf.jpg,6
test/WiuxeprjVL.jpg,97
test/PVZzfoeWMT.jpg,35
test/lMFhQtjLGY.jpg,10
test/oAkuNbMnUy.jpg,73
test/XlBuTaTfwV.jpg,30
test/upccWlgBcM.jpg,69
test/ztynFkFYxO.jpg,13
test/iWUzxfFzDU.jpg,73
test/MGNdaGxdWO.jpg,54
test/lAXyKbfyDr.jpg,32
test/WktFuPWAqn.jpg,42
test/kUCoNfJJVt.jpg,7
test/xzmglkUbYX.jpg,2
test/PMCTUAWAqx.jpg,96
test/sqSZKdSEjO.jpg,3
test/aBCOCRrkFX.jpg,13
test/zkZtGJuhIe.jpg,88
test/uDTtyyWjBI.jpg,72
test/JZDbrusUHy.jpg,95
test/lZwtTAIkCt.jpg,96
test/jCnvtSdMyx.jpg,0
test/eQZxaDhzkO.jpg,46
test/iKdDmmPZbh.jpg,45
test/oVRIWAiOhN.jpg,28
test/ANLbzySByc.jpg,0
test/qayVbEAJne.jpg,59
test/GKCArETrZF.jpg,35
test/HfkTTSgdze.jpg,96
test/sLxIsEVGks.jpg,74
test/mZAVKCFqFO.jpg,10
test/XRvkFlCvGn.jpg,35
test/HwMJqZDBbV.jpg,47
test/CtYjdHbtRR.jpg,50
test/PEFLqLljgK.jpg,79
test/lqjPjQNruk.jpg,45
test/orTsUbJwZy.jpg,15
test/qYllwVeHqI.jpg,48
test/NbwwliJUKU.jpg,19
test/CeBhFrZNYi.jpg,0
test/icAYIRyjFi.jpg,31
test/ObnTIDtXmo.jpg,97
test/maWChWGHRE.jpg,37
test/PfIGkXLwUY.jpg,70
test/XRMjQxptJf.jpg,63
test/qsgFglXDzK.jpg,37
test/LGyNLjPzPi.jpg,65
test/oNOESLJWug.jpg,45
test/UKilAeWLKc.jpg,72
test/pMsgTAnJBD.jpg,6
test/NnXfGvzxkB.jpg,11
test/YpswuHWQGG.jpg,74
test/PzzvOBdUhn.jpg,22
test/gBBKbsNTtl.jpg,46
test/kwrimKQzfj.jpg,91
test/PWvupDeRrs.jpg,16
test/kmqVeQnlLu.jpg,85
test/cSuTQmqIFn.jpg,68
test/sammeaWMAl.jpg,59
test/ZvYcOsxVXG.jpg,65
test/GLBAFYnkWQ.jpg,12
test/DxXaGXvCaY.jpg,21
test/MoCFEZRlsk.jpg,5
test/SaITbifjWC.jpg,85
test/oywGtHUrma.jpg,19
test/pUCnjgKWah.jpg,9
test/RVrbqEyexT.jpg,97
test/oczFsixxRB.jpg,41
test/wFRWqBrHgG.jpg,4
test/JwRNMnISLu.jpg,2
test/gChlsZMyBf.jpg,76
test/kwbRqOpyOj.jpg,15
test/EaGIfrtzWr.jpg,9
test/XTnSptOEBX.jpg,67
test/uCcpqehzZC.jpg,47
test/ZsRYKvVEww.jpg,3
test/yCQmqkiIPY.jpg,10
test/gDFwBaCKiY.jpg,87
test/UMlRSUxWyT.jpg,82
test/JuNHVHsyjL.jpg,93
test/MlBouMFUoV.jpg,10
test/PFeUQHVWsk.jpg,10
test/GnteTHEYua.jpg,68
test/LPvqDqDMfw.jpg,76
test/nZeDOoKDtv.jpg,1
test/EmgWynxQik.jpg,50
test/LhscVZushz.jpg,81
test/JvXtUWakNI.jpg,30
test/TjHuztqpYh.jpg,63
test/ZcbMKzjMnY.jpg,11
test/lXXoLpzRsd.jpg,97
test/QytuVUunpA.jpg,38
test/csfJRNVmXH.jpg,50
test/FiQcfTmqjm.jpg,59
test/YHSJRfnIIu.jpg,17
test/JwqvvJdjoa.jpg,94
test/PSLdvFWCSC.jpg,91
test/OpmyGWVpTt.jpg,17
test/PNJTbOCKyS.jpg,69
test/YXCsUOAsYY.jpg,11
test/UQxojSJRpQ.jpg,80
test/PjRRSpevcZ.jpg,59
test/pDyoDLwJSo.jpg,46
test/lQCsGeiABE.jpg,98
test/PAuuorXyWH.jpg,96
test/WfaGsozZgL.jpg,21
test/wXtLxsKoJc.jpg,51
test/FTgzvgazsw.jpg,50
test/rgMoPlMulL.jpg,42
test/yhowlAyHJh.jpg,76
test/iECqZXBCHx.jpg,50
test/bLUOJwRrdg.jpg,48
test/SkXaqtXNIQ.jpg,76
test/sTEewghCvg.jpg,71
test/DeYBmLHZkE.jpg,77
test/kQWERDzTrk.jpg,95
test/FWPmnKLNau.jpg,73
test/RdQavmZTZz.jpg,54
test/QlCWTklUOT.jpg,34
test/HcicIVLCRL.jpg,8
test/vJcHPuJGBd.jpg,71
test/MTxSwtjVpa.jpg,91
test/lFyVsfVOzc.jpg,76
test/hnpiGwOUCK.jpg,39
test/oQeXEvnQft.jpg,64
test/GMNgHRrCKc.jpg,96
test/oQtJcwNeCt.jpg,68
test/jpxEpiJaYv.jpg,59
test/WaVbFPEeBZ.jpg,6
test/nQduzapKkr.jpg,55
test/sUjZzLQXan.jpg,90
test/oNWYAwZvFL.jpg,84
test/PfOIYxgwww.jpg,79
test/rDKrIoRZdX.jpg,42
test/xmfEZzDXlD.jpg,65
test/dltPljlNsb.jpg,47
test/JieKxMNTAr.jpg,12
test/XFeApxjovH.jpg,5
test/LXZaaifTHg.jpg,23
test/HuVBRwZrQd.jpg,74
test/yNtBogIGtK.jpg,66
test/ErfMNBcoJE.jpg,3
test/chmXPUFFxb.jpg,80
test/UcMPWfPfyF.jpg,0
test/mKkWbgFarR.jpg,73
test/bmnWausuwY.jpg,3
test/janepMIJyU.jpg,12
test/WqfEgcwcAD.jpg,11
test/FoyCHyYfDd.jpg,68
test/yvqDzMfduH.jpg,17
test/ZexdzsnOUn.jpg,72
test/XejHzbbGAK.jpg,5
test/hdBHAZQbql.jpg,93
test/nVLvnXrgFG.jpg,20
test/GxRJYTKQzI.jpg,57
test/zwEjAQxljA.jpg,3
test/DPhchisvqB.jpg,98
test/GYmnHcUlZM.jpg,64
test/rccWlcbHnf.jpg,44
test/namDBoCnAS.jpg,46
test/uUJxblnNbJ.jpg,7
test/UanRjxVvFk.jpg,73
test/WTLcCrAAiB.jpg,7
test/IfSJxZZkyJ.jpg,47
test/TvDYOnWcDh.jpg,30
test/YrETMRObwt.jpg,7
test/imcwoteinm.jpg,54
test/gylQIXuQRx.jpg,28
test/BHWzamhLPI.jpg,38
test/MxoEFwMFUI.jpg,48
test/qOidOuTIkk.jpg,42
test/xOOtcDuHGW.jpg,20
test/phNvrsQgLH.jpg,33
test/oNfCNUzuvm.jpg,46
test/kbUALGPjRb.jpg,58
test/zdSOfLmUYc.jpg,78
test/mwzFDNWYkg.jpg,73
test/VmzqsMVxCX.jpg,2
test/uOAWsKnWBq.jpg,11
test/OCZhmcnZIe.jpg,97
test/gFLRbheFjy.jpg,43
test/hSwpPuWorc.jpg,82
test/hpSIYvfsHh.jpg,93
test/MhaCFoHOeK.jpg,78
test/vpJNMRKhcS.jpg,9
test/FDWihqFHNg.jpg,47
test/eZiOHEfumL.jpg,38
test/mjfLabbnob.jpg,79
test/UQeYrROWfT.jpg,41
test/hvLLDqDANj.jpg,10
test/mHelDLghJu.jpg,81
test/VJnrPHiOem.jpg,63
test/LFFgwBQXjd.jpg,6
test/rMrdGCXeTf.jpg,88
test/cHDfzanSrf.jpg,20
test/CqRHHSwWHe.jpg,4
test/ZyBdduFpJH.jpg,93
test/nEeVcYKeJH.jpg,85
test/dxpuUFfoEj.jpg,95
test/FMsstCNMzn.jpg,64
test/cBgWSMJtqz.jpg,91
test/iwCrWvbojc.jpg,65
test/ivDSJcwaxt.jpg,20
test/xNiGtgslHy.jpg,27
test/XiXGAfaXQF.jpg,90
test/FUDMbxmMoU.jpg,19
test/lXIcmCNFAv.jpg,87
test/WRYHdPjWHO.jpg,60
test/VGZfEEHdvE.jpg,9
test/cFKWmpXnVs.jpg,57
test/MiEuJuxPOp.jpg,97
test/sUqvKdJJVo.jpg,18
test/uKHnsnLaoU.jpg,5
test/sjVPgeLeUd.jpg,90
test/HYBPYpzxWT.jpg,45
test/zfjgPHegCY.jpg,86
test/lHqgIWnrXe.jpg,45
test/jNpisjoVmP.jpg,5
test/mTXBQqcopz.jpg,96
test/wTHUwavsTA.jpg,74
test/gcAIeAXryv.jpg,59
test/MGZVnjgElW.jpg,78
test/SyyzhrlaQy.jpg,70
test/CztkNNhDnT.jpg,12
test/SQcrbBwJPp.jpg,79
test/OtgyYQgxRY.jpg,29
test/nmfIuHcoXS.jpg,0
test/wlHxYFRSVN.jpg,76
test/WGMhxWXIjK.jpg,86
test/fxqpWfdUNn.jpg,22
test/yTQiHnWZxv.jpg,95
test/yhZcHYjEZN.jpg,27
test/ELjfbzHPGc.jpg,3
test/MVtSpHMcUR.jpg,16
test/cENRSOXfEG.jpg,37
test/NSqLaekmkk.jpg,83
test/tEuCBQQAaL.jpg,12
test/TWqhuinVpQ.jpg,77
test/QDsNWPozop.jpg,9
test/VkKvxzdwZW.jpg,41
test/CnPcswPzBk.jpg,25
test/TALaDZBVRh.jpg,4
test/nHDVjQNdRh.jpg,42
test/zRBCWoXGiH.jpg,76
test/yUnUOlPgaC.jpg,57
test/zehCqJJUyS.jpg,68
test/nWBKvgeKyl.jpg,46
test/gwWCxXQCId.jpg,11
test/eqpiYEvpNh.jpg,11
test/zGSoTXNMxM.jpg,54
test/SmUJqsmsLB.jpg,20
test/gVwPDQGZhN.jpg,73
test/VLbPZvLxvf.jpg,80
test/PDXGXHIsOK.jpg,3
test/spvVIEsDtT.jpg,6
test/fqRWzCZVFg.jpg,66
test/YhPYmSULiM.jpg,26
test/wODEqQwLTA.jpg,37
test/KGmaEhHiRl.jpg,74
test/DsQaLuZQpM.jpg,20
test/VBFnyOOIsk.jpg,35
test/BLWgmRAaEn.jpg,59
test/WjoVxMaLFm.jpg,20
test/TVQQMNYoar.jpg,42
test/SRLAzjCEOO.jpg,64
test/yONbWPVEIf.jpg,50
test/VOmpeOweqs.jpg,60
test/CnpuIXtAur.jpg,48
test/xXSiBnKwQb.jpg,52
test/WZxNnDonqw.jpg,9
test/bmSNjpIXtr.jpg,30
test/OjazwnIOfD.jpg,15
test/bQsdEUBsNP.jpg,73
test/kEJNJwHTYu.jpg,85
test/VbmJWSSWOz.jpg,79
test/PuWJksFfUO.jpg,76
test/rEmIiyYipg.jpg,96
test/XxHKUQBHiq.jpg,89
test/RHzZlAdHMm.jpg,7
test/cOdDNCnQyx.jpg,39
test/InZtoDXODJ.jpg,59
test/svrrJSsfHu.jpg,76
test/UnEWGSWQWi.jpg,54
test/qHeeTDEZMn.jpg,37
test/RCsulrORQG.jpg,4
test/jZcMddmIPh.jpg,57
test/gxLiXOuWVC.jpg,41
test/qvzxDyluQa.jpg,10
test/avZMSrVCdi.jpg,38
test/vwqnKoTAup.jpg,0
test/rpHAmEgHyy.jpg,50
test/VecNdqorJk.jpg,19
test/ilDMsQOopp.jpg,66
test/fvfXknOIfM.jpg,41
test/jitdSUXWPh.jpg,17
test/urQgObZjDQ.jpg,97
test/lwyDqZmTkX.jpg,94
test/ZvysDFuTES.jpg,69
test/ykWZuvXsNe.jpg,17
test/BFFRMuHXYT.jpg,48
test/HVHrfxMTIm.jpg,88
test/jOieMWYFtN.jpg,65
test/uMcBqWFlOE.jpg,20
test/tNUiYeBioa.jpg,59
test/EThVGQHwbs.jpg,73
test/LtenFIXSEW.jpg,93
test/YRzDhSbiuX.jpg,38
test/yrsibZDiFv.jpg,93
test/urdapyPIEb.jpg,90
test/PoEhvuRREM.jpg,0
test/ZGWgSGQxue.jpg,17
test/brEVfUuVlI.jpg,8
test/OULCWhlDMh.jpg,60
test/FqLgxKZxDW.jpg,64
test/ckWvmvgcMI.jpg,90
test/VcgbmKXxMM.jpg,82
test/gjtAXgMWRo.jpg,75
test/dajDxMMjHh.jpg,10
test/XGujmRgnwP.jpg,4
test/qNNwhwNytF.jpg,32
test/UUirVmaASf.jpg,22
test/zUiETdyPGn.jpg,6
test/vqRNZjZojo.jpg,34
test/PheCOyBuys.jpg,95
test/uZJFFyEDAv.jpg,9
test/klKwGrKhgB.jpg,46
test/FXAaLnncWR.jpg,94
test/uhiVgzRESV.jpg,73
test/hmBUvnGVBw.jpg,54
test/ckcnxFiuVH.jpg,93
test/SOArvkvjHO.jpg,80
test/FTrBuAMyRB.jpg,53
test/mncFCtjHpP.jpg,93
test/EDAiCCclGg.jpg,33
test/MnLrsFsrmo.jpg,74
test/NgCbCslAzb.jpg,35
test/KQgKFOufEO.jpg,75
test/KbisbhJCko.jpg,85
test/pZXxPuKpnW.jpg,73
test/puksYJrpAG.jpg,37
test/czrxHZZPlp.jpg,76
test/odelFJzMIM.jpg,50
test/rVzTFvfHWn.jpg,67
test/TUfFWkVaOZ.jpg,92
test/mUMeqHNyZP.jpg,17
test/zkmUhoPSav.jpg,11
test/YlWWhUEDMC.jpg,26
test/fpFOqQHQOG.jpg,77
test/gmuITKGtxT.jpg,79
test/MQHoRRzuKz.jpg,71
test/zPcVejGNKc.jpg,46
test/WAKWAsACFI.jpg,64
test/ofdobdUqQL.jpg,57
test/jjmzWhdAzx.jpg,49
test/ZAQQdBgbRh.jpg,4
test/BcTtgsqUAK.jpg,98
test/AaNpjBUWUl.jpg,59
test/noOWSIFPCb.jpg,1
test/XrlLjfIxhy.jpg,87
test/KnvhgaPvnC.jpg,86
test/PzJGNdaBrx.jpg,74
test/TmzbbZOnjJ.jpg,54
test/pRvmggSKFt.jpg,73
test/HWKvNHIlSo.jpg,88
test/QYWdGSFBbC.jpg,79
test/ZEVbQSURTg.jpg,85
test/eJCpqHkScR.jpg,95
test/CzAZtzRcFs.jpg,74
test/edMnWmQuYm.jpg,60
test/hbhdCGBHrh.jpg,10
test/BoKOGqXLXl.jpg,50
test/SNxvHjgcWd.jpg,7
test/qNEkiJLRXt.jpg,38
test/CKevbPMjkH.jpg,48
test/mdTtrtAWoA.jpg,48
test/ONEHGPxiIR.jpg,54
test/fRrlVYSbKU.jpg,5
test/LnjBCVAoZa.jpg,49
test/GYOegnmgDD.jpg,39
test/KdkyXSqbuc.jpg,49
test/QcsIAjuuaR.jpg,66
test/jMMEUNozBx.jpg,47
test/tjSgCWXiIN.jpg,78
test/nNopWvbeCx.jpg,50
test/AodcgtlEHZ.jpg,85
test/yTCOncExoO.jpg,83
test/pNIsLVVtNC.jpg,65
test/VLHLhQmfUV.jpg,80
test/prhVxsjUpq.jpg,80
test/ixcUhyvZlx.jpg,7
test/HpDQuJTyGJ.jpg,17
test/XmzegTlGbo.jpg,78
test/KOkGpHJLnB.jpg,6
test/izldYXmIqv.jpg,11
test/gjMakwucWZ.jpg,35
test/RUcUWdMQGi.jpg,49
test/nZukwmxpWE.jpg,50
test/HpCzPVNBMY.jpg,9
test/VAMbUcijMA.jpg,83
test/ZfMPBeFrEX.jpg,62
test/hrSDlUrWUA.jpg,94
test/CkvVoskaKg.jpg,23
test/oLhVQjYFXJ.jpg,59
test/eUNgahxalt.jpg,68
test/QQhQvCUEmK.jpg,38
test/LIwLoMUgfY.jpg,32
test/OadhvgZTFx.jpg,43
test/RockmsjUGi.jpg,45
test/FaQsrRSuex.jpg,33
test/zgxRTKzUHl.jpg,22
test/dFNQpHQghR.jpg,54
test/EtbUrAGSbX.jpg,13
test/HQlhcoXvXC.jpg,37
test/dyNtNIKODH.jpg,47
test/xFyxEscpoW.jpg,17
test/gITHVAmVBs.jpg,32
test/YMaYiAzICA.jpg,73
test/WGzehoiNFK.jpg,9
test/BXKdEfkYdx.jpg,27
test/lLzHCjYLwp.jpg,35
test/UoArIAUMWo.jpg,84
test/uRjpVSrUPT.jpg,79
test/vhPKKoxVxo.jpg,34
test/AmhzGpPozv.jpg,5
test/hixxLdWrFA.jpg,24
test/dYIflERSNy.jpg,50
test/waCJeTvPKg.jpg,48
test/HBbyBOPFlo.jpg,85
test/PsGVqHBYjf.jpg,71
test/kmWhmAqlBQ.jpg,12
test/IGVDCKUFCa.jpg,70
test/WoVsaJdtMr.jpg,80
test/SkGXdPYPAW.jpg,57
test/sZABappqoW.jpg,10
test/bXRNXJAegy.jpg,67
test/pMdZdcCPBV.jpg,91
test/niIuVXMjwS.jpg,35
test/aqrZnttNKs.jpg,57
test/ZyPWIKIQsG.jpg,87
test/vqXaKSbpaL.jpg,50
test/hbrQOBhWcO.jpg,97
test/QfyWhwgkLL.jpg,31
test/mIhLLbuhhi.jpg,32
test/qeKEWAzUln.jpg,20
test/FZHcBtiyHV.jpg,38
test/IEuTtnbOrf.jpg,5
test/FflVajNjKK.jpg,12
test/RNcQvjzmax.jpg,29
test/gUzepqVOez.jpg,12
test/GZNODSXAkO.jpg,55
test/ejbeVTxtDT.jpg,73
test/aFewQSQmmF.jpg,99
test/zNsAxLwBng.jpg,95
test/oWzaPrJEjM.jpg,68
test/TrYuPdmLHQ.jpg,15
test/biwPGOaBgb.jpg,55
test/rfQKPlKUIW.jpg,75
test/ONIvnXHrDp.jpg,4
test/DphCWbaTZl.jpg,30
test/BnYDDRBCZL.jpg,49
test/JzvKTxuyxb.jpg,20
test/SkbpuGGcyw.jpg,76
test/UrGNETLaFq.jpg,95
test/BExrFlhQVG.jpg,9
test/qIQBlNYhGd.jpg,90
test/MmEbcXYcGu.jpg,0
test/kdFqQfJdVi.jpg,87
test/oRpJWsjEqz.jpg,50
test/TSdoLXmQNV.jpg,74
test/MQVPRuRFYp.jpg,59
test/GCHyLcqmqP.jpg,20
test/lYLuezqQPd.jpg,6
test/KwnkwenVur.jpg,93
test/DzcXyzGTwF.jpg,41
test/uKTSXMJhAx.jpg,3
test/equgHLJcel.jpg,29
test/SvlqSHZepk.jpg,85
test/PuyiJwlpIF.jpg,35
test/eiSHCQINpR.jpg,57
test/XQELjvpRUs.jpg,72
test/mHuQVIrSRl.jpg,21
test/FgItdcbhkn.jpg,70
test/HKwzhGgALF.jpg,28
test/YKcwLmfEEE.jpg,57
test/qICNFoLMga.jpg,28
test/ImDmtfPGvy.jpg,72
test/xwTZUjhweJ.jpg,30
test/bdIyCJybZu.jpg,49
test/bfUPTwvRPf.jpg,45
test/LjttMlGBLP.jpg,24
test/NZLVzxsQAl.jpg,30
test/YbsfmFZsJK.jpg,59
test/rUkKqyhlbg.jpg,50
test/dYBwxRObfA.jpg,78
test/hPttZuPSSp.jpg,74
test/NaSlwisNnw.jpg,75
test/xNttXPKXIg.jpg,71
test/egJbzPIMay.jpg,25
test/JjweXoWygq.jpg,84
test/FwByCcdTpf.jpg,10
test/jJwQBSFzsT.jpg,58
test/vHhykMRRVp.jpg,74
test/OlTOKauJrs.jpg,17
test/vjltPdFRPb.jpg,18
test/MrUwmdMwSP.jpg,47
test/BgHNmQcflF.jpg,88
test/slgGTTniJF.jpg,53
test/shyTXdwyON.jpg,90
test/ghuSiQhAXG.jpg,59
test/olNSpLoQiR.jpg,77
test/gRYShbchrf.jpg,47
test/kHDYwrgCYe.jpg,8
test/jIbtnTmfUq.jpg,49
test/LuHIOgxUeW.jpg,48
test/lAFlzIFqOG.jpg,94
test/rhIUJedQjX.jpg,50
test/YnztljjMAT.jpg,22
test/TbRzBTZQWW.jpg,38
test/XaKRMdnSSb.jpg,49
test/OZOkhIrFtJ.jpg,3
test/FFEjgkGxzN.jpg,32
test/MjOmuOblFf.jpg,35
test/yksjteIwvO.jpg,50
test/nYaPUCsAYL.jpg,59
test/FkOmnBCOBQ.jpg,71
test/JXUXCCTYVI.jpg,20
test/gIZsEuKtMJ.jpg,81
test/tnrLwLzOQU.jpg,54
test/moQfvZuLVK.jpg,73
test/PoUhuILFlp.jpg,63
test/nxvhoyIaav.jpg,60
test/tjotvUNcWr.jpg,74
test/tsFyRTYxIg.jpg,36
test/wwJZyescsN.jpg,77
test/ivgzgwuHbH.jpg,10
test/QxAScnpLRi.jpg,25
test/ZgUmoEdnwy.jpg,73
test/afxSZsajaW.jpg,92
test/fKOiMnPFjK.jpg,22
test/UQWtAktMAe.jpg,30
test/BIDAmdPQKk.jpg,99
test/zGrvsfvJPk.jpg,69
test/uGGlCVBezn.jpg,82
test/zuxRIJrFGk.jpg,17
test/DIVmlKRqCl.jpg,7
test/WhVfGEPMqr.jpg,6
test/KRafNfKUlo.jpg,89
test/hWnajRnmlj.jpg,97
test/dFXDlWKJQM.jpg,9
test/LFbRsCkttT.jpg,91
test/SbqxoLtAYk.jpg,87
test/BVTpWkVXjE.jpg,72
test/AfqtjFPJxw.jpg,35
test/gcKsTsByDy.jpg,15
test/JJGWyAyVeg.jpg,51
test/QDzbbLkotG.jpg,26
test/NgZegqifQa.jpg,88
test/bPYkWOtMym.jpg,98
test/XLYhoLciaV.jpg,75
test/jInzrlkzsE.jpg,48
test/OGhTIskVpt.jpg,46
test/DVRzUsZtUP.jpg,43
test/wjbbnLRLpf.jpg,61
test/xivuKFDBGZ.jpg,24
test/sUeawmIpOv.jpg,6
test/vZyFvwlioZ.jpg,20
test/KbQKfIjgsP.jpg,17
test/fliMafAUUN.jpg,23
test/WviOFWrgLE.jpg,85
test/AdVOgGIIfB.jpg,44
test/vXcMkSfoSP.jpg,70
test/icTHKhFYDF.jpg,41
test/TGujGucvbJ.jpg,49
test/XTYnYUqYwJ.jpg,71
test/CVALzNeztO.jpg,80
test/sVinhOvqlr.jpg,15
test/TsVfLeUdOv.jpg,35
test/DrBSoznNPQ.jpg,48
test/YpkCcriuuS.jpg,70
test/uFEjIHKIFn.jpg,8
test/zsEXpbBtBs.jpg,39
test/GhTlDdwujz.jpg,90
test/aJuMtGdnoL.jpg,74
test/OgPsiZmBUw.jpg,88
test/IGBCHeyxXw.jpg,81
test/kPEZpYSsWz.jpg,9
test/YzteQdjXra.jpg,50
test/GcZQQUYoXD.jpg,82
test/ZexVgSlfyo.jpg,49
test/egCTMwKIOC.jpg,60
test/VMGnqYOscE.jpg,62
test/xKqsiqTCYP.jpg,35
test/XqPPVjFjtc.jpg,49
test/SiQZVExRxC.jpg,60
test/icSvtSuXzO.jpg,8
test/GjhHAHapib.jpg,5
test/xeZHumULZk.jpg,59
test/evrTQewRVE.jpg,45
test/eTqLGVElps.jpg,21
test/IIWFGYlghZ.jpg,17
test/AURahxDcwf.jpg,50
test/zwuvHAKbyT.jpg,92
test/QkfZHXDPMx.jpg,8
test/rzpPoQwDqv.jpg,74
test/ssFaMgIoNd.jpg,73
test/pKOovLCjJD.jpg,75
test/TiBezTEYML.jpg,30
test/ZPlBQfJoHv.jpg,11
test/dqqxhovqeD.jpg,89
test/uESryInfgw.jpg,59
test/kulYDFZIdK.jpg,89
test/JduudcdOxW.jpg,10
test/HDqoAdvlAj.jpg,13
test/hVQfevQaWW.jpg,64
test/QBukflFkHJ.jpg,90
test/kiaNquahOi.jpg,78
test/LcnzjwhmEg.jpg,59
test/sDoyOSmrme.jpg,90
test/lwcOMdEejT.jpg,97
test/EmSpIIVxfN.jpg,20
test/pJKJJdumrr.jpg,20
test/hpIVAHoUHu.jpg,74
test/VGLCQeIiOF.jpg,89
test/qzqDTfmcGD.jpg,82
test/NJHiMCySuz.jpg,25
test/OdjZfhaRqD.jpg,60
test/IRPfGCHroN.jpg,20
test/iMKisbGPEa.jpg,26
test/lMqpHjeIUx.jpg,30
test/EWRtMSTolY.jpg,11
test/PAaszvzroX.jpg,85
test/sxUDVmyAkh.jpg,77
test/MtsgbCkcQw.jpg,66
test/QThsoswOjs.jpg,11
test/GBscXBXzkE.jpg,29
test/NoKhkDKGYA.jpg,50
test/qSRsyPREsc.jpg,37
test/lkEBTQhQpW.jpg,67
test/wZJedMxdHT.jpg,60
test/vElWwtaene.jpg,56
test/OWIFynQwYf.jpg,65
test/LzIXPJfLCH.jpg,48
test/SVlQtGzXtA.jpg,77
test/bnqOdUuhko.jpg,26
test/RRwNJjRFSg.jpg,80
test/uvWIffhOzA.jpg,33
test/DYMxDSUHfv.jpg,37
test/aZyYuhkZoD.jpg,89
test/sJBKpgeMDH.jpg,11
test/PYiYYaUxBX.jpg,50
test/bQRloHJkEG.jpg,36
test/wZUxjaUvMF.jpg,50
test/zSEbjbYpKb.jpg,17
test/YjdbTEGEkV.jpg,94
test/pqQybpwZMb.jpg,82
test/cugdeLkcuy.jpg,5
test/KpCENTmbfr.jpg,47
test/fuBcJLTHSd.jpg,78
test/LOYaKNfomL.jpg,11
test/jDBTpGxHXN.jpg,17
test/uhFkjJSpAi.jpg,17
test/aTZZNbadWj.jpg,98
test/lnVbOIApJr.jpg,97
test/kmKyJrDCfG.jpg,68
test/UEjIbUobgA.jpg,96
test/qTXiabVfhE.jpg,42
test/pXhRHggMHr.jpg,53
test/UJInDKjXuA.jpg,96
test/WeWgBALPRc.jpg,76
test/qRUWhYCxSY.jpg,37
test/cxzJQccbzr.jpg,64
test/scDzyJxTHE.jpg,32
test/OdpbPwJBrb.jpg,68
test/CVZehHFcxc.jpg,56
test/WrWydPnsND.jpg,57
test/XaQlgkOHzx.jpg,96
test/KJwkHdtWFQ.jpg,69
test/CrZFUyXtQc.jpg,35
test/KDFWRFGWiJ.jpg,91
test/xCpvqVphhp.jpg,75
test/rtfJMldQkh.jpg,16
test/qXbLfPtlFP.jpg,51
test/rRqchgVFRs.jpg,92
test/hERevekrRc.jpg,37
test/zpNLhfJwCL.jpg,57
test/SQhBKvGfJe.jpg,95
test/fbgHgZjLEs.jpg,2
test/MhCxDhvXaG.jpg,63
test/qXNoYVVeXm.jpg,49
test/zrirFZWlMo.jpg,71
test/qNFRoDDSjr.jpg,38
test/glJFZANGDS.jpg,55
test/MzqndAMffl.jpg,6
test/ZuFXgGHmRb.jpg,49
test/waBOlKoQKt.jpg,85
test/KgIAFfjecU.jpg,78
test/lidzyjWwsY.jpg,42
test/fvmcFTYGhR.jpg,13
test/yLaPNFLIXU.jpg,66
test/cFODYXrQcW.jpg,67
test/OFvrsiTDos.jpg,73
test/xPuzCGLfIg.jpg,57
test/EYpABULyID.jpg,81
test/zCCUeGQPQK.jpg,9
test/WzAUqIHNWt.jpg,10
test/YbWPztxmHV.jpg,97
test/rjSCsAFJfl.jpg,60
test/odRupRHtlY.jpg,59
test/rtYyKkShsW.jpg,87
test/aLZQDxDxOP.jpg,5
test/QQTJHSMyeZ.jpg,4
test/lEjYoWOtMk.jpg,50
test/FjmqAjmnqg.jpg,54
test/lDsSwFjPGz.jpg,63
test/MpfRTvayjL.jpg,20
test/aGVwbiQaHY.jpg,30
test/rPPpAePLWj.jpg,74
test/bJeBZAqWCQ.jpg,12
test/lAkYxNJbuB.jpg,12
test/TmQlDFDcsU.jpg,64
test/YjKnWiHeeW.jpg,51
test/VRKUXeIxPc.jpg,73
test/QtfvbyLwgZ.jpg,87
test/BqXwBYmpsM.jpg,69
test/TmPZzygzWB.jpg,93
test/XHsDfdnhTf.jpg,37
test/qLOBgqdTNk.jpg,58
test/UzlRFbwTnx.jpg,47
test/HjUyTIihpv.jpg,37
test/sgCemZqqGp.jpg,7
test/kqqJHxVDua.jpg,45
test/kFmATZaQWw.jpg,11
test/ILlQQYznXZ.jpg,63
test/cpbnLYyCUK.jpg,30
test/FNYglCUoDt.jpg,36
test/NUZYbHCFLL.jpg,28
test/KHMOmcaHPz.jpg,57
test/evMWYTMRZm.jpg,55
test/GMblsaKhgN.jpg,80
test/jZZCJDVKCQ.jpg,12
test/TiPNOUpYKh.jpg,17
test/ighuNqxKgj.jpg,20
test/QNrVjTMmiL.jpg,65
test/kuDLLdyTul.jpg,86
test/XyvxuuvOwi.jpg,60
test/ACxWOHdmTB.jpg,86
test/FXMyBIgzey.jpg,48
test/MUiouDgsrf.jpg,14
test/itLdgfHjeG.jpg,33
test/HwATkaZLmc.jpg,78
test/ihSYqzoiER.jpg,97
test/nMoAwkRVOQ.jpg,21
test/HAnWFkMcrk.jpg,5
test/oEiowASzof.jpg,50
test/HncWQGQvCl.jpg,57
test/BvVhfDVWuI.jpg,63
test/AIfeysznOG.jpg,59
test/KEYjryRDnb.jpg,86
test/TLNpgKpHtO.jpg,90
test/agKGUHzJoo.jpg,79
test/rIijmXmgvz.jpg,24
test/lozBuiocNf.jpg,50
test/qVUHWLhmMA.jpg,44
test/oaFRGCqshl.jpg,1
test/VrFfXGSnur.jpg,24
test/AraWinbkRD.jpg,59
test/zZNjPNkgdH.jpg,74
test/iAbwOmqATi.jpg,56
test/rlKNjexiQL.jpg,59
test/kfgkcaUIei.jpg,18
test/BkbtICIOac.jpg,72
test/nuWQdfaqYQ.jpg,97
test/ZcTuQmMeVn.jpg,78
test/voJtyTOeAE.jpg,73
test/VkGzGbWtuX.jpg,25
test/DWLtCRDCfS.jpg,92
test/bJprSSdaQa.jpg,72
test/vjLWzMScnE.jpg,68
test/PIhPJMmrwS.jpg,92
test/jrXfgWVYpr.jpg,99
test/skwsmaFMii.jpg,66
test/SGuOHssIjG.jpg,72
test/pBopaFWevm.jpg,0
test/PyzTcLXpII.jpg,17
test/hoZszhVEbC.jpg,74
test/FiieSUHkwg.jpg,73
test/RHOoNxthwT.jpg,73
test/vKmIhKbWEg.jpg,28
test/fNfuBVgoFW.jpg,50
test/SURORzxMuT.jpg,85
test/XbBSljLUWh.jpg,81
test/ZihSyvpoZX.jpg,47
test/cOxCOGOUcp.jpg,27
test/SEhGtYLlSx.jpg,17
test/EtmpUZYupy.jpg,59
test/tatnGonxym.jpg,11
test/nESlsyfGBt.jpg,10
test/wycpxwbKor.jpg,28
test/cAzWJKrhtL.jpg,75
test/KxrOFQIlfG.jpg,21
test/XbduJtDqaG.jpg,91
test/dkKxeCcbQL.jpg,71
test/EmkADUsgCy.jpg,76
test/LZqVKmcoNc.jpg,74
test/ThqBbgsfic.jpg,66
test/QKlrHtontH.jpg,9
test/rCOKvKFIkU.jpg,6
test/QhjqzQJrcJ.jpg,93
test/ZjQXMSUbWc.jpg,5
test/IWaYUcpPqZ.jpg,86
test/gAlMtfFkvX.jpg,5
test/XbZBQlmZQT.jpg,29
test/cyMIxlwiZy.jpg,79
test/eIEWLXNRvb.jpg,74
test/gaeXUDDKDx.jpg,87
test/VOgDyhnWWA.jpg,51
test/YFnRwzSigf.jpg,12
test/CVjtfhCfHk.jpg,76
test/NLAWGoDgli.jpg,77
test/GNPddluHUU.jpg,52
test/wQxiAOvsBS.jpg,91
test/dKYzTqyFml.jpg,73
test/cMynApCwUr.jpg,81
test/MUxUyVmHLB.jpg,65
test/lFQKmPGXwh.jpg,10
test/ffwbCtGoim.jpg,74
test/lXFIkFIVSc.jpg,32
test/zXkavNbpjK.jpg,12
test/bYMvKZGXsr.jpg,88
test/ipkKKgzvUy.jpg,76
test/tmoqVSFhdq.jpg,50
test/liSDCUhJlz.jpg,40
test/SpgfZXFfCN.jpg,17
test/QcpiKhKlQe.jpg,50
test/zclbppWRaD.jpg,94
test/bzmgrjxRId.jpg,81
test/BfscTLuIwU.jpg,71
test/IMJuJPaXiv.jpg,58
test/qPNwJHQHEi.jpg,39
test/jMWbpLBdid.jpg,12
test/IxddygOXEc.jpg,59
test/AshamRwYbL.jpg,40
test/stOOTzXOvX.jpg,90
test/uxAjbBDJgr.jpg,87
test/QzQnGzogLR.jpg,69
test/jIAIXXeQOo.jpg,23
test/QMTLdgozLO.jpg,16
test/LpfKcpgQsS.jpg,89
test/xFNXWjSSIe.jpg,27
test/cjMzvVQvct.jpg,52
test/SMTkzcCWIH.jpg,33
test/SwHGathUwa.jpg,1
test/yEEVtXsLQI.jpg,60
test/MVgdnWleDq.jpg,32
test/qGRseZbAOw.jpg,36
test/mrChjyebmJ.jpg,97
test/ZMNikGCnFK.jpg,82
test/CgKoTWpWov.jpg,17
test/zFhWUgsSpy.jpg,59
test/iYaeEUZVbO.jpg,37
test/aSccusLswF.jpg,32
test/LaAKjVChpX.jpg,90
test/nSZBrtrvUk.jpg,63
test/OQciWDPhqk.jpg,32
test/oeRVpMFpDS.jpg,35
test/gGBXawXkxI.jpg,33
test/XjtJPYfddF.jpg,57
test/GhzeQgUxNG.jpg,10
test/AaLKvpwTaz.jpg,97
test/yqXBBMKSBv.jpg,9
test/XUwUjGqjyp.jpg,20
test/jADHxGoCDs.jpg,64
test/YyqzKszUaa.jpg,77
test/mpFvFlfiLD.jpg,74
test/AkJzOrEtik.jpg,85
test/sqxvhZYJpq.jpg,68
test/pfFTwXWoLH.jpg,44
test/GtzMPmnhNC.jpg,89
test/fIgfhwiZfy.jpg,51
test/tgcchFOHkr.jpg,0
test/XPMncLADCW.jpg,10
test/FDjqOHZtlK.jpg,60
test/ALETqGpmSq.jpg,45
test/HHMLkmwExC.jpg,74
test/wOVTcHGcMc.jpg,96
test/YNGvhkXMsm.jpg,6
test/IlTXsEnfTf.jpg,17
test/VUYDnGZyFm.jpg,86
test/ubKjUAKDyq.jpg,28
test/xwCIkeFhYm.jpg,73
test/wtvKUZGNAx.jpg,93
test/vxxhRSNJEN.jpg,80
test/nwmcZIHbea.jpg,70
test/tPOagJykcb.jpg,0
test/rNePQCIlsJ.jpg,15
test/enHvuYAWtT.jpg,65
test/mMPdDlWfNu.jpg,15
test/NIWFJwbRVS.jpg,6
test/dkdIffVtcM.jpg,46
test/cglIZUmgXt.jpg,63
test/aggniswfiq.jpg,90
test/wsCnXVKJmE.jpg,73
test/jgCLAgZHyN.jpg,34
test/TQTcAUsdWB.jpg,82
test/DtNrstMdIg.jpg,30
test/WnuKqZmfHX.jpg,80
test/wJflLBwscY.jpg,6
test/SYmMasJPQO.jpg,39
test/DfvYvLkDfU.jpg,96
test/aqxZLEbKFD.jpg,87
test/ZLwZarBYZJ.jpg,6
test/GxXTDoWcxV.jpg,12
test/XozKvnpDCO.jpg,55
test/YVaUmbKRIt.jpg,35
test/NNERKkVBHh.jpg,6
test/veHBoMQWnh.jpg,11
test/wEikaDHHpW.jpg,59
test/zDOarPlAwV.jpg,50
test/nIKQPeOPYG.jpg,66
test/JAyIdyuuKo.jpg,96
test/XmZcGkkwJH.jpg,45
test/CgcNVvankA.jpg,35
test/McGIlIqFdk.jpg,27
test/MukCxHbtwQ.jpg,35
test/bqXLAmYmkW.jpg,76
test/OeGLhHBMqk.jpg,88
test/HLFhwgckwO.jpg,90
test/uyMpZbiRTH.jpg,85
test/LjpuNUOIqy.jpg,85
test/yZikaiMKZf.jpg,73
test/rbSPGkdnRx.jpg,80
test/ZQKVVxwsOW.jpg,66
test/JWpszjNWNy.jpg,17
test/YwWwtprAsQ.jpg,28
test/nRCrFwmbFC.jpg,59
test/PtHiQnzodv.jpg,46
test/WBlVMEoajF.jpg,6
test/lYwIPKOOxu.jpg,55
test/rTeudidHJI.jpg,44
test/OhFwyQojiB.jpg,57
test/zupoaPaXDi.jpg,85
test/QdAsAtrBZP.jpg,79
test/ZlNngyiOpG.jpg,85
test/fWUaVrDJWn.jpg,57
test/vxgeuvWsac.jpg,62
test/TXkkoqSLri.jpg,41
test/wPOluUPfQI.jpg,80
test/OaVJgWpjfl.jpg,63
test/sTDRSvUlzl.jpg,62
test/YlikaSmHpE.jpg,46
test/kFOGoCDezN.jpg,17
test/YTsLHUoQMA.jpg,11
test/IlbbCieDFI.jpg,32
test/VogZjRgyUh.jpg,91
test/UzBwzSgSdR.jpg,98
test/OvVaEjjPsy.jpg,46
test/kdxkWLUKeu.jpg,89
test/UajmzTVpVI.jpg,50
test/LhtPydyZFD.jpg,20
test/PtShOJffMR.jpg,96
test/oXUTaBdTiF.jpg,14
test/ksphiKzkfT.jpg,34
test/gChLuldQqO.jpg,15
test/ioEGRIrsJW.jpg,74
test/mymjYnKHaH.jpg,47
test/ALFHKGpmeh.jpg,87
test/xNTwiHdWzV.jpg,52
test/GSGNzhuqdF.jpg,98
test/ctsRrrGWBB.jpg,86
test/hEeyqjXYmn.jpg,69
test/pTfATPRtpJ.jpg,28
test/PKlUCXfTJR.jpg,35
test/QzvPDLsbom.jpg,30
test/MvJcINgReQ.jpg,14
test/bcbQvzDPJw.jpg,10
test/cqBOWcCaQw.jpg,9
test/IubXoZVktY.jpg,70
test/UHmtTUovkq.jpg,70
test/irSQjDIlKn.jpg,65
test/jfZNOVFYkl.jpg,15
test/NUDvLMtoTa.jpg,10
test/hcDNiJhmXw.jpg,57
test/RNldHxSXtG.jpg,76
test/OwMHHOaNbb.jpg,32
test/nKbDWoSTQq.jpg,61
test/KKoGxQxVVx.jpg,20
test/DPgRkNKIVk.jpg,68
test/SqEFAbPSah.jpg,48
test/osROhOdkZS.jpg,48
test/bTQBuZxSay.jpg,72
test/KDBaciPADP.jpg,38
test/XctvVnHQnN.jpg,8
test/NGzHVlOYDr.jpg,57
test/RfimlYkBTv.jpg,20
test/hqFUuzgRrU.jpg,46
test/COwaDTGCnS.jpg,2
test/xZmWCYxkiD.jpg,34
test/eRzUDUOSSg.jpg,35
test/fGDhbSNCgh.jpg,11
test/GpCrakyzmA.jpg,74
test/PFQekJyUwv.jpg,57
test/dwPtDwhhTg.jpg,11
test/jaJpLTUvhG.jpg,37
test/zMcnrYHKpS.jpg,50
test/XjHMlgTvzR.jpg,11
test/BNhiClGgDn.jpg,80
test/KHgywWIsZJ.jpg,41
test/IgMdERVOno.jpg,34
test/GOVsSNAzDN.jpg,74
test/tCCJilxWhS.jpg,28
test/ETsnbhNZNC.jpg,43
test/nsHIPEOLgv.jpg,3
test/YHiirKMgVh.jpg,76
test/TPauzGwXDD.jpg,50
test/AnfLTDrOVx.jpg,53
test/XlDGbJpOSV.jpg,90
test/ycoGRLRKGf.jpg,47
test/YbtNQwIWcs.jpg,62
test/OxMWXaRgMX.jpg,60
test/BtyUGQyjio.jpg,56
test/rvzhUOHKHB.jpg,76
test/rmkShIOEZS.jpg,52
test/kRuGaeJYSY.jpg,70
test/YTbLSwWGSI.jpg,46
test/aGgelWeNeO.jpg,8
test/JRiPqzXmRr.jpg,9
test/NcGVyZbSLu.jpg,94
test/twrXSabdcl.jpg,50
test/vdVOsVEnXv.jpg,93
test/dtrLyJgfiC.jpg,65
test/gmaoEzWMjy.jpg,50
test/cUrACXIPPN.jpg,94
test/eLWcDuAdSm.jpg,50
test/ADvhmEOFZY.jpg,47
test/MhjUywFjmb.jpg,59
test/QBeAIyCjdf.jpg,57
test/rcQqxzACMK.jpg,55
test/kvbHcEPOcj.jpg,46
test/IycLIuTAzn.jpg,63
test/faVNQsTewC.jpg,64
test/bBqwOmMfdo.jpg,96
test/qrjnROKPKs.jpg,5
test/mfNegwObwi.jpg,92
test/otgpWGwudk.jpg,25
test/OeSMomwTVd.jpg,97
test/pgmCtsLZWX.jpg,34
test/CtCoQGBKRd.jpg,7
test/JItmmEyBJO.jpg,34
test/EXheCvgDlP.jpg,0
test/LbUaSchLAb.jpg,62
test/avcfmkrOMm.jpg,12
test/GzoLMKpxki.jpg,17
test/PixhcjtnHE.jpg,6
test/vlDncujqtL.jpg,92
test/XkvMRUUAEA.jpg,20
test/SXAVjQlUik.jpg,30
test/HDYDuGKKio.jpg,1
test/pNTkagBQMo.jpg,5
test/vLNIsXWjtq.jpg,51
test/UoleTburZZ.jpg,76
test/MIBynMhSKJ.jpg,6
test/fgrSZKAIsX.jpg,14
test/EYyLTiMfCi.jpg,5
test/KPjWifLXJb.jpg,37
test/UrZopVlQls.jpg,14
test/CMtBAHMnHi.jpg,87
test/xqpasfTeGA.jpg,3
test/bWOwbNvTkk.jpg,51
test/dKXfhkgMBC.jpg,34
test/FNCQoshmgW.jpg,94
test/laKBzuPzfz.jpg,76
test/JopYGfPZqQ.jpg,1
test/mRuGSnkCPj.jpg,7
test/UdYGuPkpJM.jpg,4
test/IzcxVlAnCJ.jpg,99
test/uXmcHchGjs.jpg,38
test/MVfHgmkEUb.jpg,73
test/hSWlwlMzjh.jpg,93
test/IpsqMEFjNl.jpg,11
test/SXSLXsDGZz.jpg,96
test/OdKGRIHQud.jpg,20
test/LfRzfOXhAc.jpg,71
test/qJWQmMIDMl.jpg,65
test/hzUVRdJyiA.jpg,35
test/qLVJqsouUQ.jpg,82
test/QkenoHsRlf.jpg,38
test/HMTLJUjfXA.jpg,5
test/EQggzHXUFf.jpg,76
test/VoTMveaTeo.jpg,12
test/urNMzQTTAC.jpg,51
test/EtWhvNnjOo.jpg,93
test/mogWMwvFgr.jpg,97
test/WEIvPHeSGY.jpg,1
test/ydLsdOWGbJ.jpg,90
test/GsDPkpotPR.jpg,98
test/VtNXIermOO.jpg,58
test/YHiBFJQQkk.jpg,68
test/zezpbLjrjs.jpg,49
test/AOgSiepEbR.jpg,69
test/iROxKwHpQL.jpg,65
test/jrzjapcgiG.jpg,8
test/bRBSlLkyuG.jpg,22
test/vaVmuFArVI.jpg,11
test/GHOiDyDvMB.jpg,11
test/WnrjlvgSEg.jpg,5
test/PGQQSEEBov.jpg,51
test/lpFnSrCkpT.jpg,49
test/iMzrIWTHRI.jpg,16
test/qPqVFUlQLt.jpg,71
test/OiDHdrdgLC.jpg,92
test/XAGvggUFZt.jpg,60
test/iqhPeOjRRv.jpg,4
test/tuqFIGmNMc.jpg,1
test/BElWGDlmuv.jpg,54
test/QOfUmnkvzt.jpg,39
test/BFAAYhMmyH.jpg,60
test/DHnPvfgmPo.jpg,94
test/hrgGNhnKnC.jpg,7
test/GFuueOXtWf.jpg,91
test/tnuKcxrJti.jpg,81
test/mSApIOzBNi.jpg,80
test/cByCnUnTQs.jpg,63
test/VgLgoeYKZA.jpg,28
test/TyUhwXainB.jpg,55
test/eCSOWiAcWB.jpg,49
test/FAeWdcfHZG.jpg,88
test/VvHcbtGwGu.jpg,70
test/ioaXIbqwAE.jpg,52
test/nZxEjueeXH.jpg,17
test/GymQzbxSRY.jpg,25
test/pPaPtEfnRX.jpg,4
test/AHvSAXtTSX.jpg,11
test/EsTLjIzJOa.jpg,96
test/fWpGOhTVmI.jpg,54
test/azaQugpxib.jpg,10
test/oXKPKmZxNI.jpg,41
test/TiMOxFQbyy.jpg,89
test/BtPVfyaAof.jpg,6
test/jfnyENADXi.jpg,76
test/IYgIATEVzm.jpg,74
test/wBIrkSuHuS.jpg,12
test/NTupPivwRy.jpg,60
test/OjjcJdDycs.jpg,77
test/OOPJrULClI.jpg,10
test/SNHUqqVUxA.jpg,50
test/qsqeyuqEsU.jpg,95
test/NlRMlBLkip.jpg,50
test/WqaJmgfTNv.jpg,65
test/CMxvNDJviV.jpg,10
test/dwutZutufs.jpg,56
test/JoZFTOshXm.jpg,73
test/zxnFZzHHEv.jpg,82
test/sFZGOFWJRX.jpg,17
test/nWIFcbaQQO.jpg,3
test/pwnOqmnpOr.jpg,92
test/RJYAqXnPxe.jpg,50
test/HuZeNuXRtE.jpg,91
test/nmIvKebYjE.jpg,76
test/aICMZMJFRF.jpg,64
test/NbLeIviWvU.jpg,77
test/xlGvynaXEJ.jpg,51
test/opOBSxrksd.jpg,97
test/nQnrMXCGgZ.jpg,85
test/RUsPHwyJfU.jpg,50
test/UaqBvZPrFb.jpg,11
test/zOvtTZIGrt.jpg,85
test/DQIFqxGwSt.jpg,72
test/CrXgtHfQih.jpg,74
test/omaqLAOtTR.jpg,71
test/krXOHQTbAh.jpg,73
test/MFrdgfCDAs.jpg,6
test/FMiHSqAKWW.jpg,73
test/DxkinDUQui.jpg,50
test/FYmGWMRrDL.jpg,79
test/SXhKxlAeYk.jpg,87
test/dLLwvLxkPO.jpg,57
test/iFiuGwUOhA.jpg,20
test/IxSAYftLsC.jpg,76
test/KlTGlZqoII.jpg,77
test/UYtrYVFLME.jpg,61
test/INuvFGdAky.jpg,6
test/BKzsAmMwNR.jpg,64
test/dafqeYtmuv.jpg,55
test/YmMKZVWKUZ.jpg,80
test/BnhaJtzXYE.jpg,20
test/ZJNEnejkYE.jpg,78
test/HalEZQXhCS.jpg,6
test/DjtzqpigAt.jpg,75
test/uloyRlqaGr.jpg,0
test/YpItsCSQtk.jpg,9
test/SerQyXCsCf.jpg,21
test/GgMrugXsZM.jpg,80
test/ribStKdJMo.jpg,55
test/SNSSAJRJeI.jpg,57
test/pOWgJJibQP.jpg,74
test/QLRKsZfceO.jpg,73
test/usPipOIcmp.jpg,12
test/XUtwwFKHDu.jpg,92
test/RyHeLlsJHt.jpg,5
test/leRFReeUaH.jpg,20
test/xyeXIOSFXS.jpg,67
test/SEtaqiyrZn.jpg,87
test/DonbfVhXir.jpg,64
test/uhxJSTAGSg.jpg,0
test/HfiIzmrwHt.jpg,29
test/daPleoSFja.jpg,74
test/dtdBJnvnUz.jpg,9
test/nyxydfmqXa.jpg,86
test/vmyzWSthBT.jpg,77
test/NZYnGKHFIL.jpg,26
test/UMdnEuaokE.jpg,44
test/ktJyksUFws.jpg,35
test/fZrxuQeyeH.jpg,29
test/lEYyguahNy.jpg,48
test/nzGRJSfoIs.jpg,75
test/qoregqGvNR.jpg,71
test/MzrQOQRlSq.jpg,41
test/KYEgpdTYXn.jpg,63
test/LwaCaarowC.jpg,81
test/sHnQHLpSFq.jpg,1
test/uxZxTRAnhl.jpg,87
test/RtugaZyKNo.jpg,90
test/nSncChUKjx.jpg,21
test/cnVMmFzzBB.jpg,72
test/SencNbpLwq.jpg,57
test/vnQZyqiwGf.jpg,64
test/TqZTgBhjIA.jpg,47
test/GGrWhGJfxk.jpg,79
test/FZpRefuqYe.jpg,29
test/GsfYxnmIJc.jpg,79
test/WOgKtfYjfy.jpg,16
test/DzkHNImwai.jpg,86
test/lIBcmvLvml.jpg,42
test/BWKmBqbGUG.jpg,30
test/DDAOCPcyDU.jpg,54
test/rXzBqoFkLV.jpg,57
test/ehsKSFkaZL.jpg,4
test/SRyknfiZPa.jpg,43
test/FImKRSkikI.jpg,31
test/xyaGcQUZlH.jpg,72
test/KHkqjPifSl.jpg,35
test/karjockhJX.jpg,87
test/QySHXIjrOq.jpg,6
test/tnTKEVFBVk.jpg,55
test/SmDqoGyrde.jpg,45
test/aVrGdJqRUW.jpg,46
test/gbhrXLjDMt.jpg,50
test/VjrwNPArel.jpg,80
test/fJVxRGtLmI.jpg,96
test/CVOFpMZdxk.jpg,89
test/aKKvAcEWHy.jpg,0
test/kGPrROPSWo.jpg,40
test/OeeoMOqjVW.jpg,2
test/YgZqOSueaO.jpg,96
test/nbZzdLDjKI.jpg,17
test/ovaMbdqZbu.jpg,46
test/PrtOhJqEPx.jpg,20
test/gVerpjUcYF.jpg,32
test/ldphHKeidi.jpg,92
test/HIvFtBYDeR.jpg,11
test/teinmonMnI.jpg,90
test/HyhgxlGeIr.jpg,48
test/DqggqHVPvG.jpg,2
test/SfTylsCOaD.jpg,58
test/aDbyOUjWHY.jpg,6
test/lFQOrkmUgd.jpg,2
test/bkEiBFYauq.jpg,43
test/JhKYgapjdX.jpg,19
test/DmWdURNndC.jpg,80
test/USdhjSRjkg.jpg,47
test/mdCDMOPPKE.jpg,37
test/TaQaeXyKBl.jpg,94
test/nKbXTxxyoI.jpg,99
test/OuyxDotQHG.jpg,86
test/iKEcFFGDak.jpg,17
test/GrmtFPoBca.jpg,80
test/SmSHjyRboR.jpg,51
test/rVWfoDoorP.jpg,58
test/NQsBjURhVA.jpg,73
test/jsDSEwaqzb.jpg,45
test/NnKPYkAgKF.jpg,50
test/QhiydmzNXE.jpg,57
test/prgfWgeFPY.jpg,98
test/KAbOmxAwlM.jpg,39
test/JdPqlViBLy.jpg,10
test/GCNutUHgcH.jpg,30
test/ZssYJDhPlI.jpg,1
test/ursJvkhVVx.jpg,63
test/fQNnhDkzHk.jpg,1
test/kUedMqMRvn.jpg,55
test/OEScQByAuM.jpg,4
test/OZWosTeiWP.jpg,74
test/MeMxJlAXha.jpg,73
test/OHCOPdHPzk.jpg,78
test/GNhaBXlZlC.jpg,17
test/bSgBNKlxcZ.jpg,58
test/RaOJQxhPQc.jpg,89
test/rgRICbqlEx.jpg,73
test/YPdUxizVfQ.jpg,29
test/vLGJWtKdqr.jpg,77
test/haTAEQVUtg.jpg,94
test/nEtLCFFEie.jpg,37
test/gAiSRZqCWx.jpg,9
test/vavwwztnOa.jpg,17
test/LpJiZYUtMG.jpg,32
test/iTrCjDSaUD.jpg,88
test/rxVUcQmmbA.jpg,79
test/lVtqnoIgxA.jpg,76
test/CwtgHtOwvu.jpg,6
test/zsKOlOhfuv.jpg,29
test/aKVDkCUSDN.jpg,2
test/AJBvnTdBsq.jpg,78
test/yJQHKWFyqb.jpg,79
test/EaAVKhDYoX.jpg,71
test/CvdnbAFxzS.jpg,2
test/CsNVbXpVrD.jpg,22
test/kBfUlPMFMl.jpg,73
test/XdigZkyivU.jpg,30
test/gDbfMXKDSE.jpg,20
test/biCkcoSPMd.jpg,88
test/xXDmZnPYEZ.jpg,63
test/xCWvZsmqJY.jpg,56
test/qeNWZLSnKU.jpg,57
test/LlfvaCnpcu.jpg,6
test/SeQhjmpYOA.jpg,19
test/CGfQBHRcMm.jpg,65
test/ATeHKHNMgy.jpg,47
test/KzyshryDGu.jpg,59
test/rQGWrNKbaC.jpg,35
test/OnmUMVnVdP.jpg,95
test/hyRZlCcWOI.jpg,94
test/XHrIXoAxGK.jpg,96
test/UixxCtNKnt.jpg,72
test/ebojDqToNW.jpg,99
test/FaFzzPTOpd.jpg,78
test/CsKPPPBAIt.jpg,29
test/jkBKQTWfKZ.jpg,10
test/xgCWWNAsOc.jpg,95
test/eqXbbayMdX.jpg,50
test/ADUPXlHsMY.jpg,81
test/eCgqLkYuBn.jpg,90
test/BoBBAXeTEF.jpg,37
test/fDVabxrUZW.jpg,70
test/jwOYqoaoWZ.jpg,10
test/uTLAMgEEyK.jpg,70
test/WzLFbxwpLQ.jpg,20
test/KZZjVzzwEb.jpg,43
test/yXtASjfKUo.jpg,50
test/dizAseMSdz.jpg,46
test/TTIyQaxdbU.jpg,9
test/JfaTnNtylr.jpg,97
test/yjkRyudzKG.jpg,85
test/QTWnsPWsbz.jpg,46
test/FOqNVOVPwF.jpg,81
test/lFNVbjLnYl.jpg,51
test/jlonquGBCt.jpg,10
test/sDVWePZIRm.jpg,5
test/cTvfMnsfJt.jpg,46
test/RzlwVqxdFc.jpg,20
test/NMUNnfQmgu.jpg,13
test/CfYgtndTsD.jpg,10
test/FkKWgzHtSc.jpg,34
test/NmmdeWrrAk.jpg,59
test/EnaLxLCjWU.jpg,71
test/BCfcLGtOgg.jpg,48
test/WsrEZlQmHy.jpg,80
test/ChEqsCNFPf.jpg,87
test/BmAyEnxjHJ.jpg,22
test/zxOMfHuObM.jpg,6
test/PPujGcVMHg.jpg,17
test/VLfWNyrCjN.jpg,81
test/SssOxeJbQL.jpg,50
test/IISkohQZjc.jpg,50
test/IXCAcrVgSh.jpg,0
test/GrNrRmsiwo.jpg,38
test/yhBsZEhTxl.jpg,91
test/GkABClHXgI.jpg,11
test/pmkPzaNwWK.jpg,6
test/WMwwTyVHbE.jpg,2
test/VTDSDKnATa.jpg,81
test/XXTjUarSuL.jpg,87
test/mWtIDnUnYy.jpg,70
test/QxzwLhvXif.jpg,11
test/rSMgFKsBKD.jpg,57
test/titYiRMhcy.jpg,74
test/nOpTjfZTDx.jpg,10
test/XgMPzfXgHU.jpg,74
test/PpNSpVfYYL.jpg,95
test/UHqdxHebqf.jpg,87
test/tbHOYdkRTm.jpg,0
test/FcivVzLzwP.jpg,7
test/aFOwnISyoR.jpg,17
test/BNIlTGuDja.jpg,10
test/jFKFXDMUAx.jpg,63
test/qcaVRPNaIG.jpg,93
test/XMJWOidgPx.jpg,86
test/NkatBxOSyr.jpg,45
test/NqUYqmcOld.jpg,67
test/nhjtTSiaFi.jpg,73
test/XuNaywtusk.jpg,59
test/tFsVxKIhxI.jpg,74
test/CCOOvMTPoM.jpg,68
test/arLVWtRfSO.jpg,50
test/VxcCQcdMex.jpg,92
test/qbeyGvSrTy.jpg,85
test/lWEaBpySYB.jpg,20
test/zeHkIMMPCX.jpg,66
test/taKrQGpPaW.jpg,6
test/apBBVMJjdb.jpg,22
test/RiEpEQFwVY.jpg,71
test/pJtsjgiyMQ.jpg,75
test/aFbnSLrQpM.jpg,4
test/RIcDmCHmvw.jpg,93
test/zrCshPAmzm.jpg,55
test/huznBaaACa.jpg,50
test/DhXRQzvZRZ.jpg,34
test/KruUfpkGUY.jpg,74
test/hCWvnyziHY.jpg,17
test/TSUOtlmRqU.jpg,40
test/MNiCWUpjdC.jpg,85
test/rtLXfUzCPR.jpg,39
test/FpzALLnJCR.jpg,53
test/psYDKfJPPh.jpg,78
test/ADLohovpYT.jpg,72
test/ulrZWJbkEP.jpg,74
test/wHVoJnPcFz.jpg,45
test/FJPKbZSieF.jpg,59
test/JNgpAEnbmQ.jpg,10
test/CqeISpADOF.jpg,41
test/IScmUDkkoc.jpg,6
test/uIHipLKfkZ.jpg,56
test/CHBNxSvwLm.jpg,50
test/scPkpgNRcW.jpg,69
test/DXvGlJAlaA.jpg,40
test/xEDtYOhStj.jpg,80
test/iajWwJkNpq.jpg,94
test/woRkpQIdcX.jpg,76
test/RwPlBHUUbb.jpg,28
test/TKfURvszbG.jpg,5
test/QXXKjKqQmP.jpg,81
test/YHOLYKQecB.jpg,48
test/zMSJCsaCPn.jpg,77
test/bSoGdfNVOa.jpg,11
test/vyiULOuTyy.jpg,90
test/amqjNJKyKz.jpg,64
test/ncIbemqSsY.jpg,90
test/nUIzbsAPBB.jpg,61
test/vFQBhAkhZr.jpg,55
test/KEagIqSZPd.jpg,66
test/XtiQIkrQXM.jpg,79
test/veXzgzOAoL.jpg,76
test/VeFuEEHMpk.jpg,37
test/ZHGNrDkMho.jpg,30
test/iGXPSvUbyd.jpg,0
test/tjXsMTyjxR.jpg,10
test/ynNlphBpWE.jpg,71
test/wsGNhcJhpY.jpg,82
test/KyRRQwnmvh.jpg,0
test/otFbkxSqwX.jpg,11
test/FPLcTAYjUz.jpg,81
test/HkCUqfBQqW.jpg,96
test/xSInfkNSzX.jpg,80
test/KNrxdWKERs.jpg,4
test/IitsgAmZIG.jpg,49
test/tODbadAnGx.jpg,28
test/EHLKThuJDh.jpg,71
test/TunrVnLTSe.jpg,69
test/msCKTOlFPp.jpg,32
test/hPymjnbmtc.jpg,0
test/yCklZOHpwh.jpg,22
test/wyHqIAUEKU.jpg,61
test/iYmiUrhSCW.jpg,63
test/eYSYIPrrCn.jpg,57
test/hellMduTuj.jpg,28
test/AQtfeDkajP.jpg,18
test/LsilHWwcoB.jpg,5
test/PaQBbDugKD.jpg,72
test/NWuQukhhdd.jpg,93
test/xtjxdCYlNk.jpg,11
test/PcMgNTbLVy.jpg,35
test/DKxBYOWlwQ.jpg,86
test/sOHUgHMkhS.jpg,42
test/WtRAmbAgAk.jpg,65
test/FeHnAjjyjf.jpg,50
test/ydLomCETfG.jpg,15
test/NIICeoksOS.jpg,8
test/LuzVRHlOhf.jpg,87
test/BMqeGyESkO.jpg,86
test/FoMBluBTGo.jpg,36
test/AdyFmDeiVw.jpg,87
test/OVFgSCFXEs.jpg,96
test/DmRjGjtrNU.jpg,32
test/zAwWAWwvEN.jpg,63
test/hVXGPEPrBC.jpg,63
test/SWEowvGyVt.jpg,99
test/hoClbDGBKY.jpg,85
test/MusMNIiHOl.jpg,38
test/FZCopuhnor.jpg,9
test/OBeieExTCT.jpg,5
test/OhuBACpZgU.jpg,11
test/CLIoXshFat.jpg,12
test/skZnXYHJaG.jpg,89
test/qCGDgUfuCa.jpg,62
test/nAhnlxWHUD.jpg,2
test/DaNOslnuYy.jpg,29
test/oscsOCKWge.jpg,45
test/deHuXGBsUN.jpg,38
test/EyeYiKyxPm.jpg,26
test/FeZEMbyoDS.jpg,68
test/lcuTEyWLfV.jpg,80
test/kCGAkqqUzV.jpg,53
test/eXBiKOgBZT.jpg,97
test/TFFLcCEhDg.jpg,48
test/RvySUJPmfG.jpg,61
test/mMAEuJHuGp.jpg,37
test/jIewlddZyO.jpg,77
test/nhrWqVpOAm.jpg,87
test/dggCCTGOAH.jpg,6
test/JWdRUzLttF.jpg,14
test/YMpdTRZhMV.jpg,87
test/pusejEISNu.jpg,68
test/svdGvzXclA.jpg,37
test/nyUeeHlsRI.jpg,78
test/mdJmhgtXqE.jpg,77
test/JuTKTzqqZg.jpg,21
test/CrnsTDQSJv.jpg,81
test/qUYZZPcBuq.jpg,51
test/mQFsjZfMcv.jpg,85
test/vmwIdomljo.jpg,35
test/yZyjnWlipu.jpg,0
test/BbLtnDrfXI.jpg,30
test/dJvihxfyZN.jpg,33
test/WmSREaxGMN.jpg,95
test/YXOtEKptHi.jpg,78
test/yIgWBRnxJF.jpg,71
test/FGxBQbwjZn.jpg,88
test/SMEoNsVNfE.jpg,66
test/ALmLmmpfNw.jpg,10
test/wRSNmlyvHU.jpg,67
test/DdTCauhaIR.jpg,63
test/eiJPXfheNi.jpg,6
test/YLQQdCmjsC.jpg,70
test/YQDXZRXMVM.jpg,84
test/cISUwxALLm.jpg,37
test/dMZCUDjbZU.jpg,26
test/yudbUKXkcK.jpg,80
test/NFZotePhMK.jpg,30
test/DCpgZjjLzf.jpg,82
test/KvTSgduezj.jpg,57
test/YdcZRLneog.jpg,76
test/CtVoAvOSmd.jpg,75
test/unEyAQjsuL.jpg,30
test/WCbJkQNXAa.jpg,32
test/VzmIfCKmfM.jpg,93
test/CibXWOSBWa.jpg,76
test/pFufMcZbVv.jpg,58
test/KArloUQFBT.jpg,94
test/AwUStmiNOR.jpg,6
test/SMMraTbrsF.jpg,69
test/XxWqiPuesL.jpg,38
test/VXtVbQuJHW.jpg,47
test/ZhNmURLeET.jpg,79
test/cMeSZmaNGJ.jpg,13
test/tLSdtFWxwc.jpg,86
test/xixmaZLwCF.jpg,74
test/YsUufwHLmU.jpg,49
test/sxeWYhlWMy.jpg,2
test/pSXFaDGCqY.jpg,63
test/GkCUbJHqRi.jpg,79
test/ePIkKJmYRZ.jpg,82
test/EfWIAHYipL.jpg,9
test/bMQcaOAfYf.jpg,19
test/KvngeYWSST.jpg,35
test/wvOezCByLL.jpg,72
test/WlZssemkWu.jpg,55
test/XawPBngXuo.jpg,51
test/ZbShERArCI.jpg,71
test/dtBcNmqxFp.jpg,45
test/RTUsBboaBU.jpg,54
test/mnSumZWICq.jpg,60
test/nHPGoyupsB.jpg,12
test/GRVMAqLMae.jpg,54
test/GZbKBcBGht.jpg,73
test/dlBHqowLDq.jpg,80
test/qibADssNVw.jpg,32
test/FBkeDIRGPx.jpg,32
test/gQQTAxaLsA.jpg,15
test/ErTnlwWVpi.jpg,3
test/fJKZylwqZj.jpg,72
test/gzPbkmVugk.jpg,54
test/GDbQScinzQ.jpg,24
test/IUsgKRaSGs.jpg,87
test/OwlccwRSFt.jpg,53
test/UHbsCALUCl.jpg,38
test/UsjstGokAc.jpg,74
test/MfYKeoICdu.jpg,89
test/bXxTaNRrSp.jpg,79
test/nXyOqRaxfj.jpg,93
test/eTpgornaah.jpg,93
test/kpIGBlwoaw.jpg,40
test/HvKzdtAAOQ.jpg,8
test/UmARsBbQNd.jpg,55
test/TmckpUHwFc.jpg,85
test/VTrPDSAyLe.jpg,95
test/QzUTLcptdb.jpg,3
test/xdABWwCdPP.jpg,59
test/WWAIsXxQRy.jpg,21
test/ozYQOeFFvx.jpg,76
test/qVAZwjqRgS.jpg,74
test/sAKEZQoEZe.jpg,57
test/oGhzuSzQpe.jpg,48
test/PzUYiWcjTF.jpg,39
test/fPMZheoXlc.jpg,64
test/LRARYWZcqb.jpg,65
test/dfFOFbiHzr.jpg,87
test/awhaNjEcrI.jpg,48
test/IntiluWBtS.jpg,62
test/OTOmaBSpqD.jpg,15
test/FJBSZcYWqC.jpg,9
test/xcaOKaAaON.jpg,88
test/bqVLUgMEks.jpg,76
test/NsvUteTkTx.jpg,77
test/pesxOkOJuh.jpg,6
test/hFeaqziavF.jpg,55
test/kDNkvBLnKP.jpg,58
test/vAKTCFfbBb.jpg,93
test/LTheIiZCRA.jpg,97
test/nPUznZIGjK.jpg,47
test/XFStSLOuRH.jpg,20
test/rQImavqKCB.jpg,19
test/PMUXWkuMVy.jpg,43
test/nYeyEURauf.jpg,98
test/KjrQsKixti.jpg,80
test/VmbqYJJEWT.jpg,65
test/WShcosDMyj.jpg,33
test/trrMEfxeKi.jpg,1
test/uLDNKwEnyo.jpg,96
test/MUvmBkssAY.jpg,43
test/TNQLmXOQao.jpg,86
test/OVqokMMXbS.jpg,51
test/OaOdnpeFpx.jpg,91
test/dFdojjSLxY.jpg,80
test/OcUdPlzTBK.jpg,27
test/wOKQEHHSUh.jpg,5
test/sticrIkzZQ.jpg,31
test/AltOiGCNKC.jpg,76
test/KLwjfhyrZp.jpg,55
test/ibhpCzRpIM.jpg,43
test/ZNCwJJyzjb.jpg,96
test/FrDJLGRqiI.jpg,80
test/JiIJlHoJnP.jpg,72
test/WAVKjyLNir.jpg,55
test/PQqKzoHPUG.jpg,68
test/BoIBauISoB.jpg,29
test/gyCUjBBgSC.jpg,60
test/HvQDUzABaU.jpg,10
test/NmsvMLmRrG.jpg,20
test/htLcZtbETi.jpg,1
test/DvyKbBfUXT.jpg,65
test/bJcMBauBtG.jpg,88
test/kxTiJDyKYl.jpg,5
test/PzvOuUbYil.jpg,28
test/HjBRavsJRW.jpg,50
test/cKjinmDALu.jpg,63
test/ZqdKQFBhPo.jpg,61
test/TjOxkaRiAm.jpg,78
test/kpIWKJIRkE.jpg,91
test/UIjnXYeNSO.jpg,17
test/manxEgnFZG.jpg,50
test/dixXTiIgYC.jpg,52
test/chXczycUZR.jpg,25
test/BvGHNGtAJB.jpg,52
test/DqlGSQAsKb.jpg,28
test/LWLtTxWQLO.jpg,74
test/ScjrZcpOBj.jpg,51
test/XibLyPiWNo.jpg,87
test/FhdlkMKEdk.jpg,48
test/GreYRylChS.jpg,35
test/xHqIZUpihE.jpg,31
test/FXgZJARzKZ.jpg,29
test/wRtWePzsmi.jpg,80
test/zlGXANfdDw.jpg,33
test/JFRjaLxOeT.jpg,57
test/rYKTEOpyLj.jpg,1
test/fQgayNyoyZ.jpg,32
test/VxkULPrDFW.jpg,32
test/VRabZVgZnY.jpg,91
test/sBSlkIejMr.jpg,73
test/fiLeTgqpuN.jpg,89
test/sdFVuonQJz.jpg,54
test/LkvwBUYWSQ.jpg,55
test/cUHrBPEwsL.jpg,0
test/sxemMSHYkc.jpg,25
test/aXSkEMfgUH.jpg,45
test/DavXxvGbxE.jpg,12
test/msRcbCEYSZ.jpg,4
test/DOLFtxCXmG.jpg,30
test/iYEeQnGSLH.jpg,94
test/FtPwVjQZEo.jpg,61
test/tDnTqRxEnT.jpg,45
test/SVGhyLkDtF.jpg,45
test/wyhLlwFEww.jpg,7
test/FZNWcxFZCJ.jpg,14
test/TnUzOzWDRp.jpg,63
test/yKwkuLtPIV.jpg,75
test/PzrmMetoKB.jpg,29
test/nDALESwBAd.jpg,33
test/mZMfzBZSCW.jpg,79
test/CTuchlipkW.jpg,71
test/FfYtpEHjqD.jpg,1
test/HXhPSDgSmT.jpg,86
test/QRLJGWctPH.jpg,54
test/YmNRCwPXvf.jpg,11
test/IRDQxMRmoY.jpg,14
test/qwuPjJxFqK.jpg,26
test/ErxhGMMAXl.jpg,0
test/pimzhDNKFT.jpg,35
test/zrGxbHpzKR.jpg,6
test/otAXVXsiJa.jpg,76
test/xiFCJglHnO.jpg,34
test/GxzsoaWfln.jpg,74
test/XaONNhWHlu.jpg,82
test/xiTiklUxHJ.jpg,97
test/VwuiVpgLFf.jpg,79
test/mnFbXQSuiB.jpg,13
test/pHjZbDMXRb.jpg,70
test/IOCgxCnQFe.jpg,71
test/TtnpHuYwlr.jpg,94
test/FaOotVQCfX.jpg,59
test/eRZLsIXofE.jpg,10
test/ndbgDFWGfH.jpg,48
test/WddjQmjVWW.jpg,24
test/fsvDGQMbdC.jpg,10
test/YVaDdhIhgJ.jpg,21
test/RyJuFatnhV.jpg,93
test/hUpLHEBwZM.jpg,26
test/reAAKrEyzP.jpg,66
test/bxwvdUjdtr.jpg,20
test/vPMeVlhrDQ.jpg,52
test/XiuMqAYnHu.jpg,95
test/CEeiJfBVOQ.jpg,95
test/ZkhAyioOUn.jpg,75
test/KdEwHxDscE.jpg,73
test/giYyuqVpMY.jpg,74
test/VRFledFdyM.jpg,45
test/SHkDKGMxAw.jpg,95
test/hRoWeyYptf.jpg,64
test/KoYQKcSfkd.jpg,34
test/egdKeWzrhi.jpg,67
test/KakFxjUkbO.jpg,87
test/PCIMmlkDpU.jpg,21
test/ByVpBCCBTW.jpg,48
test/NYGmqHvckD.jpg,36
test/CAcavFfJpH.jpg,89
test/qqKkdMYwYk.jpg,65
test/yMoVjnmWyh.jpg,19
test/zygccuGZNG.jpg,79
test/DcPNWDiKPU.jpg,74
test/qyJHgVmQhd.jpg,34
test/NmZPHePvOy.jpg,27
test/cvJEqmPFSN.jpg,28
test/XpMHMILYEx.jpg,32
test/JMaiyPTEAh.jpg,30
test/nNSZRHcSpS.jpg,65
test/qAtWYtoBXF.jpg,6
test/QRghGveipU.jpg,54
test/nfkvpHtOsG.jpg,26
test/rSTnDnlaSH.jpg,28
test/doqRmREVYL.jpg,76
test/ripaZwIVKf.jpg,50
test/NnWeHGelUv.jpg,91
test/xRJBPexVCw.jpg,81
test/oIYjkTeDHr.jpg,20
test/DDeUcMRPJl.jpg,30
test/uBsSlQPXtN.jpg,5
test/NjDWtYMhOX.jpg,5
test/IppOOKCxrp.jpg,88
test/rzmEAZdfny.jpg,7
test/KcpxaJAmUs.jpg,85
test/PIgSSWNcTp.jpg,91
test/TZvxMJXovU.jpg,37
test/wiKFAABaob.jpg,41
test/yBFMvUruDr.jpg,6
test/OkoapakMMj.jpg,23
test/PvTmGPNSFl.jpg,89
test/NCrcmjiavp.jpg,28
test/tPLDxrTMDb.jpg,93
test/XHIwFFnbll.jpg,48
test/eadprawtzm.jpg,30
test/UdNyNOJBOU.jpg,46
test/HDixwWjqgo.jpg,94
test/fFqiYWaJdk.jpg,48
test/YexMkWeffr.jpg,11
test/vPlsXriuef.jpg,55
test/QnpVvAWOwy.jpg,38
test/fsGLYZBACe.jpg,12
test/vdVAKxwsIQ.jpg,28
test/XIicLunDXX.jpg,31
test/EjsPkacGKn.jpg,53
test/QDIiuDlZhY.jpg,17
test/RUeRSxowUq.jpg,11
test/aJzZsWFgpb.jpg,45
test/QFntOEjYFe.jpg,71
test/bMtNEHadZH.jpg,11
test/BYosmMkkdu.jpg,85
test/ZjxOWEHZCJ.jpg,37
test/XjJrGAYByD.jpg,57
test/hfSNXjicNO.jpg,69
test/fDQKbrBqtA.jpg,93
test/DHohEoTHRa.jpg,37
test/gkVlQAWLeV.jpg,97
test/jhtgsxMACf.jpg,21
test/ouWCqOGOJl.jpg,30
test/GuIyzVuFLK.jpg,63
test/ODOVVohFlx.jpg,16
test/MsEEivoCFQ.jpg,30
test/CbGmgGcXyh.jpg,62
test/NDemQNRxbS.jpg,5
test/JOYPlwrish.jpg,68
test/dxYREurtAb.jpg,5
test/RrlGKMxKhr.jpg,0
test/FDSwKvNiNk.jpg,90
test/tGgbEjMnPh.jpg,41
test/OvsAIDxwzl.jpg,17
test/DIFqcsFuCH.jpg,7
test/jSBOVZltEo.jpg,45
test/cSBIgnsASU.jpg,45
test/crstdGoJiO.jpg,51
test/JdjjklwMRW.jpg,2
test/vYXakugeiv.jpg,81
test/CWGXjdeTpS.jpg,90
test/vOotiYHxAA.jpg,56
test/ArGreBXyLd.jpg,13
test/YBMijEMjVS.jpg,59
test/rpJjQqFqpG.jpg,85
test/iYzzgWmsEB.jpg,9
test/DolEbDnYqJ.jpg,70
test/LbkaHfDvOa.jpg,11
test/ZJCrwIHuVr.jpg,73
test/KcvOKwFuij.jpg,35
test/lNGSaGTAsy.jpg,14
test/fGlvLywPUC.jpg,57
test/wKSFlHbUQy.jpg,88
test/eTpenezunn.jpg,93
test/ObpsrIYiuM.jpg,82
test/CAFYKlRcVS.jpg,73
test/gLWNPOKQUC.jpg,73
test/KsunuMGBgP.jpg,23
test/tgOKAXEqCm.jpg,74
test/jxRmnULQtQ.jpg,81
test/GKCvwjdSrH.jpg,9
test/CvqhpVjNWK.jpg,66
test/wPqdmnaXxh.jpg,63
test/ACJIYYxzuE.jpg,20
test/VPNCiWnGVP.jpg,81
test/YbDZeGFUUT.jpg,92
test/zlFJnxtSkm.jpg,50
test/lxLCkotSIN.jpg,7
test/gHXgBmAKkm.jpg,41
test/wUbBkFeSSO.jpg,54
test/PVIHfxCQTb.jpg,38
test/XAvxyRxzsw.jpg,38
test/DDaywfRzrl.jpg,5
test/FVcwQEOlAh.jpg,30
test/fZPnfoFapw.jpg,14
test/sljGbsxPUk.jpg,38
test/LfsuJHtHZQ.jpg,88
test/wWJrteBeJy.jpg,73
test/CcwtqKcwol.jpg,17
test/EfygATvLoq.jpg,75
test/gPZDeBJQTm.jpg,95
test/xrNgVcMvWi.jpg,37
test/szJsuOpolX.jpg,79
test/gSvHnHEYXH.jpg,43
test/qksmcgfKOi.jpg,55
test/mqVRMDKiqZ.jpg,66
test/aloYCAhHOk.jpg,89
test/kewzteMylz.jpg,13
test/YiLLAzfony.jpg,8
test/WLeDwcfiST.jpg,98
test/PEcUlIUPIR.jpg,63
test/ApiwZhZBJm.jpg,59
test/cgWcQEhCMe.jpg,16
test/xlFPJtEcKw.jpg,42
test/DPreXaHvbm.jpg,86
test/vsAgJDvrWJ.jpg,3
test/WQaSAVsDYz.jpg,28
test/AmmxvVIikE.jpg,6
test/sJDWIPLgSa.jpg,21
test/XYxUlvLCNy.jpg,74
test/IIMbZavYYd.jpg,11
test/sMNZtwWgRp.jpg,51
test/rqtFUHDUjH.jpg,55
test/NZkGeybBBk.jpg,20
test/HgkUYgWSAy.jpg,7
test/euLihldPut.jpg,41
test/WeRyDBjkyi.jpg,57
test/gDtLEAufBz.jpg,78
test/MfxupJlQRD.jpg,50
test/IfMhyQGSTS.jpg,37
test/fuoIYFXAFc.jpg,29
test/CBZqVrCmQh.jpg,77
test/ARVvjxbPRE.jpg,65
test/cmllxgsfoa.jpg,42
test/nZMBtElSQA.jpg,22
test/iTSTYnRDXV.jpg,55
test/PkGAAcuexx.jpg,46
test/NEFgtmNMuW.jpg,43
test/zWKLkrUdJV.jpg,50
test/VHllAUdufy.jpg,52
test/tbZHRRQGLO.jpg,14
test/tNJoHfIwRj.jpg,93
test/wPlMkIyRjF.jpg,72
test/eyEbPVrAdQ.jpg,35
test/vEIlstPxtd.jpg,3
test/rKPZimgpdL.jpg,91
test/hYzSbZwCwf.jpg,7
test/WjeANQASQK.jpg,63
test/dWWnbBtulR.jpg,97
test/ufCgCtGaAA.jpg,66
test/ORQjpsHEMs.jpg,98
test/QptrdUSmyb.jpg,2
test/tLjcbZpluB.jpg,3
test/ozaKONBYfI.jpg,64
test/DdAphiRKVf.jpg,71
test/bOBBUqcZqK.jpg,64
test/bLJwOrRGfD.jpg,83
test/nNfozDzWKu.jpg,55
test/IIsJUeESJR.jpg,85
test/TgDSZNkYCk.jpg,73
test/ZUQHoXbvuF.jpg,63
test/fpCrXXMeKh.jpg,2
test/lgJtpXXcmA.jpg,31
test/tjsitbYPFP.jpg,5
test/KkinTDByOv.jpg,74
test/cCuWjZkuzo.jpg,7
test/JoDuDLJCtB.jpg,20
test/xtZSItxRlD.jpg,92
test/mEZkbsyGGy.jpg,6
test/UnAsvhLbzC.jpg,45
test/SxicUWYJcU.jpg,20
test/xitkbDtkdS.jpg,44
test/bydLrCLsmf.jpg,50
test/jgthTyyDCr.jpg,51
test/CbcpDliUtH.jpg,42
test/ZAyLBmBcMZ.jpg,6
test/MpGZiizlSN.jpg,8
test/iGnMAedGeS.jpg,60
test/jSoEdpacEQ.jpg,87
test/TFwLCHwrLD.jpg,13
test/aQhzMPgibJ.jpg,6
test/lngXhZaiAp.jpg,81
test/OuoNVIgNRr.jpg,62
test/njHDxCrZKI.jpg,49
test/EfuzJTYrEI.jpg,77
test/pIBqEQediH.jpg,65
test/oqbxIZgXfV.jpg,86
test/ShrNQAKFDl.jpg,7
test/hsnealjcSC.jpg,40
test/kRwXtyXqGm.jpg,9
test/qbSLdSbtTa.jpg,9
test/GsveOZwGlA.jpg,6
test/XPXyolbjCr.jpg,72
test/zrfJUBRcKz.jpg,45
test/OVoshSOCou.jpg,50
test/oGPRyaYEDm.jpg,72
test/pjgUhtvjKb.jpg,90
test/ChgKtwjlzk.jpg,20
test/TGPqpepIsZ.jpg,59
test/NhaCkgRBFq.jpg,75
test/vfBQafTkiB.jpg,20
test/BYdLXOWaaw.jpg,57
test/WiRixbMkvJ.jpg,89
test/SZvNzWiTBo.jpg,20
test/YLFKEHTAwQ.jpg,45
test/FqNyGWIVqm.jpg,21
test/ntWCdXBrJp.jpg,88
test/hXhnmkHuWB.jpg,73
test/EbtbhFWYwM.jpg,50
test/XImxuavlOk.jpg,56
test/WgtMVazLih.jpg,55
test/dbGgIEFItp.jpg,68
test/EtdaYyyNae.jpg,93
test/HapFIOVVNe.jpg,97
test/siXFirilrj.jpg,85
test/qRuXYveNKb.jpg,21
test/ghbcXwyKmk.jpg,46
test/UMGSCAUkuT.jpg,88
test/yMHNRlPnHJ.jpg,20
test/oApRRBjIiA.jpg,73
test/hMQSFiyyBk.jpg,26
test/oZbughxnMM.jpg,60
test/ZQvXHDASRQ.jpg,74
test/NiNCNbCBAf.jpg,20
test/MrddeAoPCc.jpg,94
test/reOlqMkpWX.jpg,73
test/QOlTnGXizo.jpg,4
test/fmwHJKpKpK.jpg,49
test/ftjdlkbxKJ.jpg,97
test/dULybCKrUt.jpg,17
test/UTMkorwItQ.jpg,28
test/bxROOeasLZ.jpg,45
test/nNucNbczvT.jpg,87
test/mahyXOFAHp.jpg,79
test/hyyJFOwLwa.jpg,77
test/QuDZUrQQlw.jpg,77
test/yCNMhAREHo.jpg,5
test/ERvQAsnpvm.jpg,32
test/xkJZOwVavB.jpg,17
test/kjRnrnAsFB.jpg,16
test/XYEdFCkPhb.jpg,25
test/yBOGoEiRap.jpg,32
test/oTvPJYZbLe.jpg,11
test/pNcwFuuCqA.jpg,88
test/lSSXXJOSri.jpg,7
test/CvxKjMxaEw.jpg,85
test/cDrwuRgHVr.jpg,73
test/axOxzSvNCy.jpg,48
test/fHTJddONDa.jpg,9
test/CxYISPEfaH.jpg,22
test/zUjXzxwpks.jpg,94
test/TJoHJwFfCu.jpg,37
test/VXWJLnUeQC.jpg,58
test/muHnoVgKZh.jpg,48
test/VPFjgwTDFa.jpg,55
test/hGXfFmeIHP.jpg,54
test/BiOrxzswYP.jpg,96
test/DvVUFoQDPw.jpg,93
test/YvBTXbBdDy.jpg,77
test/qtfpIQmUfW.jpg,13
test/OGdvwDQIUK.jpg,15
